seed,rich,fresh,omega,adaptive,k,requests,denied,repeated_cross_window,incoming_sse,train,eval,rhs,basis,coefficient_updates,seconds_including_scoring
7,0,0,0.0,0,9,0,0,0,3.7744611602885674e-10,1.5706172758246095e-4,1.982564815796869e-4,3686400,151142400,32400,1.292
7,0,0,0.0,1,18,9,0,0,1.7858150951760578e-6,2.09149447456367e-3,2.4877314587282325e-3,3686400,151142400,42209,1.292
7,0,0,0.3,0,9,0,0,0,8.998756077475688e-4,2.1211762539786353e-2,4.408122794973826e-2,3686400,151142400,32400,1.302
7,0,0,0.3,1,25,78,62,43,3.641842446048399e-5,4.096657297388545e-3,6.772427051504604e-2,3686400,151142400,78176,1.297
7,0,1,0.0,0,9,0,0,0,2.5939956432852185e-10,1.0655855429379898e-5,1.3276043774904116e-5,3686400,151142400,32400,1.287
7,0,1,0.0,1,18,9,0,0,1.5881674630957576e-7,1.3927928324937002e-6,8.267587335077592e-6,3686400,151142400,41649,1.288
7,0,1,0.3,0,9,0,0,0,1.640261181543437e-3,2.2256874225473164e-2,5.017960652936338e-2,3686400,151142400,32400,1.289
7,0,1,0.3,1,25,80,64,25,9.09339994820331e-3,1.5015331496198336e-2,9.955947009265055e-2,3686400,151142400,78176,1.291
7,1,0,0.0,0,9,0,0,0,1.5338718441254423e-3,2.7693596886725878e-2,4.4541879836947164e-2,3686400,151142400,32400,1.294
7,1,0,0.0,1,24,15,0,0,1.974909819013604e-11,1.5633087416320274e-5,1.1934873944836942e-4,3686400,151142400,58495,1.298
7,1,0,0.3,0,9,0,0,0,3.0621503726873875e-3,3.912896661808716e-2,6.329386142252756e-2,3686400,151142400,32400,1.302
7,1,0,0.3,1,25,40,24,10,6.507519088047586e-5,5.647515400720224e-3,6.62658780637505e-2,3686400,151142400,78176,1.299
7,1,1,0.0,0,9,0,0,0,1.6430286636259228e-3,2.2840385228740802e-2,4.302799868269556e-2,3686400,151142400,32400,1.286
7,1,1,0.0,1,25,17,1,0,2.437640020391818e-10,9.60009116901796e-6,1.1193880549501213e-4,3686400,151142400,58016,1.291
7,1,1,0.3,0,9,0,0,0,3.132295602806715e-3,3.064791284098054e-2,7.810896092067345e-2,3686400,151142400,32400,1.291
7,1,1,0.3,1,25,78,62,35,1.5799277236182373e-2,1.4567121418736883e-2,1.1174703604789953e-1,3686400,151142400,78176,1.290
19,0,0,0.0,0,9,0,0,0,7.236235546950742e-7,4.4044197392680875e-5,5.8129190838524107e-5,3686400,151142400,32400,1.270
19,0,0,0.0,1,25,16,0,0,1.4374612611334214e-13,3.3912696894336263e-6,3.5371232908985844e-5,3686400,151142400,47216,1.270
19,0,0,0.3,0,9,0,0,0,1.1615779524849629e-3,2.4099524463525417e-2,5.7003604076334514e-2,3686400,151142400,32400,1.272
19,0,0,0.3,1,25,80,64,48,8.976246926884618e-5,6.425623812487748e-3,8.789285946729208e-2,3686400,151142400,78176,1.272
19,0,1,0.0,0,9,0,0,0,7.231748601344014e-8,6.859238368002369e-4,8.964145850042028e-4,3686400,151142400,32400,1.263
19,0,1,0.0,1,22,13,0,0,2.8821389719269064e-13,1.5039049883888678e-3,3.205437425971239e-3,3686400,151142400,45893,1.263
19,0,1,0.3,0,9,0,0,0,2.7334243909384742e-3,2.851133979673507e-2,4.8478501057133e-2,3686400,151142400,32400,1.264
19,0,1,0.3,1,25,80,64,30,7.956790910881773e-3,8.310294631722566e-3,8.231311148854073e-2,3686400,151142400,78176,1.265
19,1,0,0.0,0,9,0,0,0,1.5069817533932134e-3,2.745151062072752e-2,4.578064393850759e-2,3686400,151142400,32400,1.268
19,1,0,0.0,1,25,17,1,0,2.37307711382223e-6,1.5617321567527458e-5,1.953849371394432e-4,3686400,151142400,59576,1.271
19,1,0,0.3,0,9,0,0,0,2.326853706583927e-3,3.4109038585018396e-2,7.834928975093058e-2,3686400,151142400,32400,1.272
19,1,0,0.3,1,25,80,64,39,9.187448036029888e-5,6.630864630943e-3,8.233254456979304e-2,3686400,151142400,78176,1.274
19,1,1,0.0,0,9,0,0,0,1.658163704138495e-3,1.6378677108259944e-2,3.9694503191958774e-2,3686400,151142400,32400,1.262
19,1,1,0.0,1,25,16,0,0,5.9600327261405414e-6,1.4994954127400638e-4,1.1226859037000944e-3,3686400,151142400,57696,1.265
19,1,1,0.3,0,9,0,0,0,4.8492097987720625e-3,3.757972209627648e-2,6.302106599412671e-2,3686400,151142400,32400,1.266
19,1,1,0.3,1,25,80,64,13,8.139577600711378e-3,8.521737713034262e-3,8.332320400620545e-2,3686400,151142400,78176,1.267
41,0,0,0.0,0,9,0,0,0,8.587575095475586e-14,1.8442172721127694e-4,2.0216385000338335e-4,3686400,151142400,32400,1.277
41,0,0,0.0,1,22,13,0,0,7.089467901622015e-14,1.4307172481440331e-5,4.25343026205479e-4,3686400,151142400,42973,1.277
41,0,0,0.3,0,9,0,0,0,8.228373509855252e-4,2.0283396964416188e-2,6.460009334702223e-2,3686400,151142400,32400,1.281
41,0,0,0.3,1,25,65,49,18,9.453738233428101e-5,6.067597172591738e-3,2.2528845869145564e-1,3686400,151142400,78176,1.279
41,0,1,0.0,0,9,0,0,0,9.73937628462318e-9,1.1477606713822837e-5,1.4829893837159729e-5,3686400,151142400,32400,1.267
41,0,1,0.0,1,23,14,0,0,9.73937628462318e-9,4.667157661514613e-6,7.511348734264748e-5,3686400,151142400,43014,1.266
41,0,1,0.3,0,9,0,0,0,5.913414386819318e-3,2.6096116225168085e-2,4.7245830427370676e-2,3686400,151142400,32400,1.269
41,0,1,0.3,1,25,80,64,23,4.018459832675547e-2,8.930968336824848e-3,6.568872825137523e-2,3686400,151142400,78176,1.269
41,1,0,0.0,0,9,0,0,0,8.763572067133213e-4,2.0932714699616058e-2,7.225992272861181e-2,3686400,151142400,32400,1.283
41,1,0,0.0,1,25,39,23,13,8.213464498738055e-7,2.71530876282501e-3,1.0456873654766167e-2,3686400,151142400,75536,1.287
41,1,0,0.3,0,9,0,0,0,2.197430723508219e-3,3.314690137822192e-2,9.30700115022435e-2,3686400,151142400,32400,1.283
41,1,0,0.3,1,25,80,64,52,1.8426612354692506e-4,9.566485706292451e-3,2.2720942147140305e-1,3686400,151142400,78176,1.287
41,1,1,0.0,0,9,0,0,0,3.1607556915534685e-3,2.6998287118407186e-2,4.005681929364557e-2,3686400,151142400,32400,1.271
41,1,1,0.0,1,25,17,1,0,4.356206169438964e-5,1.2099110043752967e-5,6.767477527294617e-5,3686400,151142400,70736,1.274
41,1,1,0.3,0,9,0,0,0,1.0547086373561379e-2,3.8481604443402345e-2,5.5942662832160324e-2,3686400,151142400,32400,1.272
41,1,1,0.3,1,25,80,64,18,2.9876420132270688e-2,2.8547919237833244e-2,4.7623030164368696e-2,3686400,151142400,78176,1.275
