seed,rich,role,window,index,steps,x,y,target_x,target_y
7,0,train,0,0,8,3.0202097e-1,4.073947e-1,3.0953637e-1,4.1827047e-1
7,0,train,0,1,24,3.0202097e-1,4.073947e-1,3.2367495e-1,4.370743e-1
7,0,train,0,2,8,5.936183e-1,1.8908948e-1,5.891782e-1,1.9789991e-1
7,0,train,0,3,24,5.936183e-1,1.8908948e-1,5.8107626e-1,2.1619898e-1
7,0,train,0,4,8,6.674485e-1,3.372209e-1,6.6020983e-1,3.4647864e-1
7,0,train,0,5,24,6.674485e-1,3.372209e-1,6.4649385e-1,3.638182e-1
7,0,train,0,6,8,6.9242966e-1,4.7516778e-1,6.8463457e-1,4.750191e-1
7,0,train,0,7,24,6.9242966e-1,4.7516778e-1,6.694437e-1,4.7499102e-1
7,0,train,0,8,8,2.4451831e-1,6.1644316e-1,2.53703e-1,6.054373e-1
7,0,train,0,9,24,2.4451831e-1,6.1644316e-1,2.714787e-1,5.863782e-1
7,0,train,0,10,8,7.3932517e-1,4.339718e-1,7.312529e-1,4.372972e-1
7,0,train,0,11,24,7.3932517e-1,4.339718e-1,7.15263e-1,4.4315776e-1
7,0,train,0,12,8,2.9401338e-1,4.315692e-1,3.0137554e-1,4.404449e-1
7,0,train,0,13,24,2.9401338e-1,4.315692e-1,3.154e-1,4.555051e-1
7,0,train,0,14,8,4.4225228e-1,4.863959e-1,4.4372672e-1,4.887553e-1
7,0,train,0,15,24,4.4225228e-1,4.863959e-1,4.464006e-1,4.9289092e-1
7,0,train,0,16,8,2.194431e-1,4.8523653e-1,2.2776169e-1,4.8827174e-1
7,0,train,0,17,24,2.194431e-1,4.8523653e-1,2.4419576e-1,4.9338108e-1
7,0,train,0,18,8,8.008988e-1,8.367002e-1,7.9420835e-1,8.32541e-1
7,0,train,0,19,24,8.008988e-1,8.367002e-1,7.7889425e-1,8.227631e-1
7,0,train,0,20,8,6.492866e-1,6.9288063e-1,6.3711077e-1,6.813627e-1
7,0,train,0,21,24,6.492866e-1,6.9288063e-1,6.146285e-1,6.594182e-1
7,0,train,0,22,8,6.754954e-1,1.6185975e-1,6.6783017e-1,1.6929674e-1
7,0,train,0,23,24,6.754954e-1,1.6185975e-1,6.527969e-1,1.8524915e-1
7,0,train,0,24,8,5.959381e-1,2.8959525e-1,5.9137493e-1,2.994872e-1
7,0,train,0,25,24,5.959381e-1,2.8959525e-1,5.8304894e-1,3.1887782e-1
7,0,train,0,26,8,1.9928022e-1,3.676044e-1,2.0693654e-1,3.816888e-1
7,0,train,0,27,24,1.9928022e-1,3.676044e-1,2.22801e-1,4.0741926e-1
7,0,train,0,28,8,4.3480605e-1,6.954787e-1,4.382059e-1,6.85196e-1
7,0,train,0,29,24,4.3480605e-1,6.954787e-1,4.4370356e-1,6.655195e-1
7,0,train,0,30,8,2.4858755e-1,6.0844314e-1,2.5765902e-1,5.9810716e-1
7,0,train,0,31,24,2.4858755e-1,6.0844314e-1,2.751512e-1,5.803854e-1
7,0,train,1,0,8,7.148092e-1,5.3745246e-1,7.05913e-1,5.3133225e-1
7,0,train,1,1,24,7.148092e-1,5.3745246e-1,6.8861496e-1,5.210979e-1
7,0,train,1,2,8,5.2134615e-1,7.2549987e-1,5.169471e-1,7.1553546e-1
7,0,train,1,3,24,5.2134615e-1,7.2549987e-1,5.093493e-1,6.958576e-1
7,0,train,1,4,8,4.1805115e-1,7.6047766e-1,4.239014e-1,7.4969256e-1
7,0,train,1,5,24,4.1805115e-1,7.6047766e-1,4.3369034e-1,7.281188e-1
7,0,train,1,6,8,5.271059e-1,4.7844818e-1,5.2466434e-1,4.8026648e-1
7,0,train,1,7,24,5.271059e-1,4.7844818e-1,5.20033e-1,4.8363644e-1
7,0,train,1,8,8,8.08231e-1,6.584691e-1,8.000917e-1,6.4472365e-1
7,0,train,1,9,24,8.08231e-1,6.584691e-1,7.826448e-1,6.179558e-1
7,0,train,1,10,8,1.7044465e-1,6.2050945e-1,1.7889181e-1,6.08987e-1
7,0,train,1,11,24,1.7044465e-1,6.2050945e-1,1.9633724e-1,5.883962e-1
7,0,train,1,12,8,5.994941e-1,5.3045166e-1,5.931355e-1,5.272993e-1
7,0,train,1,13,24,5.994941e-1,5.3045166e-1,5.813046e-1,5.220395e-1
7,0,train,1,14,8,5.7197046e-1,6.409631e-1,5.644171e-1,6.3219905e-1
7,0,train,1,15,24,5.7197046e-1,6.409631e-1,5.511289e-1,6.16094e-1
7,0,train,1,16,8,7.888137e-1,7.403648e-1,7.798993e-1,7.286837e-1
7,0,train,1,17,24,7.888137e-1,7.403648e-1,7.601845e-1,7.03483e-1
7,0,train,1,18,8,4.1343737e-1,7.475575e-1,4.1948733e-1,7.36585e-1
7,0,train,1,19,24,4.1343737e-1,7.475575e-1,4.2961016e-1,7.148481e-1
7,0,train,1,20,8,3.514967e-1,5.0221086e-1,3.568127e-1,5.0362235e-1
7,0,train,1,21,24,3.514967e-1,5.0221086e-1,3.668452e-1,5.060417e-1
7,0,train,1,22,8,1.9172439e-1,7.821429e-1,1.9922763e-1,7.713586e-1
7,0,train,1,23,24,1.9172439e-1,7.821429e-1,2.1601626e-1,7.4736595e-1
7,0,train,1,24,8,7.257638e-1,2.7616686e-1,7.174543e-1,2.8667936e-1
7,0,train,1,25,24,7.257638e-1,2.7616686e-1,7.009759e-1,3.0759394e-1
7,0,train,1,26,8,6.143609e-1,3.0330646e-1,6.088809e-1,3.1309e-1
7,0,train,1,27,24,6.143609e-1,3.0330646e-1,5.988093e-1,3.320412e-1
7,0,train,1,28,8,7.370498e-1,4.0862003e-1,7.290307e-1,4.1407642e-1
7,0,train,1,29,24,7.370498e-1,4.0862003e-1,7.1317065e-1,4.2373168e-1
7,0,train,1,30,8,1.6094552e-1,5.0197995e-1,1.694725e-1,5.02661e-1
7,0,train,1,31,24,1.6094552e-1,5.0197995e-1,1.8659914e-1,5.039051e-1
7,0,train,2,0,8,5.2611876e-1,3.1310838e-1,5.2587426e-1,3.22913e-1
7,0,train,2,1,24,5.2611876e-1,3.1310838e-1,5.2514255e-1,3.419282e-1
7,0,train,2,2,8,4.4319668e-1,5.822872e-1,4.4447145e-1,5.7731086e-1
7,0,train,2,3,24,4.4319668e-1,5.822872e-1,4.467106e-1,5.6838685e-1
7,0,train,2,4,8,4.3887895e-1,5.240931e-1,4.402663e-1,5.234734e-1
7,0,train,2,5,24,4.3887895e-1,5.240931e-1,4.4283873e-1,5.2236575e-1
7,0,train,2,6,8,1.646483e-1,2.2179216e-1,1.6855049e-1,2.3240022e-1
7,0,train,2,7,24,1.646483e-1,2.2179216e-1,1.7776617e-1,2.5629982e-1
7,0,train,2,8,8,6.987028e-1,1.9769064e-1,6.9051856e-1,2.0638154e-1
7,0,train,2,9,24,6.987028e-1,1.9769064e-1,6.742795e-1,2.2476813e-1
7,0,train,2,10,8,5.42342e-1,2.2854406e-1,5.4145527e-1,2.382838e-1
7,0,train,2,11,24,5.42342e-1,2.2854406e-1,5.397663e-1,2.5812426e-1
7,0,train,2,12,8,3.6753613e-1,7.8307736e-1,3.7719932e-1,7.7217406e-1
7,0,train,2,13,24,3.6753613e-1,7.8307736e-1,3.9447966e-1,7.4985534e-1
7,0,train,2,14,8,6.756449e-1,6.409715e-1,6.644283e-1,6.295119e-1
7,0,train,2,15,24,6.756449e-1,6.409715e-1,6.433865e-1,6.087459e-1
7,0,train,2,16,8,2.4548563e-1,4.447946e-1,2.5346816e-1,4.5257705e-1
7,0,train,2,17,24,2.4548563e-1,4.447946e-1,2.6912665e-1,4.6565863e-1
7,0,train,2,18,8,3.216293e-1,7.600093e-1,3.3270082e-1,7.4789035e-1
7,0,train,2,19,24,3.216293e-1,7.600093e-1,3.5342464e-1,7.2326964e-1
7,0,train,2,20,8,1.8035159e-1,6.14278e-1,1.8901101e-1,6.031437e-1
7,0,train,2,21,24,1.8035159e-1,6.14278e-1,2.0668945e-1,5.834899e-1
7,0,train,2,22,8,7.1989167e-1,1.688638e-1,7.119906e-1,1.7614996e-1
7,0,train,2,23,24,7.1989167e-1,1.688638e-1,6.958539e-1,1.9195639e-1
7,0,train,2,24,8,5.45328e-1,5.952093e-1,5.401737e-1,5.890143e-1
7,0,train,2,25,24,5.45328e-1,5.952093e-1,5.310131e-1,5.778759e-1
7,0,train,2,26,8,3.486578e-1,7.8718793e-1,3.592182e-1,7.7627295e-1
7,0,train,2,27,24,3.486578e-1,7.8718793e-1,3.7860098e-1,7.5371075e-1
7,0,train,2,28,8,7.5647247e-1,8.1619143e-1,7.460448e-1,8.095928e-1
7,0,train,2,29,24,7.5647247e-1,8.1619143e-1,7.229908e-1,7.944284e-1
7,0,train,2,30,8,4.5670986e-1,7.244202e-1,4.585726e-1,7.1407e-1
7,0,train,2,31,24,4.5670986e-1,7.244202e-1,4.6143773e-1,6.9376457e-1
7,0,eval,-1,0,24,4.571319e-1,6.6966915e-1,4.6003282e-1,6.4280444e-1
7,0,eval,-1,1,24,7.7727103e-1,4.8983333e-1,7.521014e-1,4.8388308e-1
7,0,eval,-1,2,24,4.8228046e-1,7.550665e-1,4.8104656e-1,7.2460043e-1
7,0,eval,-1,3,24,1.7369469e-1,4.7421095e-1,1.9895062e-1,4.8526272e-1
7,0,eval,-1,4,24,4.0317786e-1,1.6185012e-1,4.2943114e-1,1.874159e-1
7,0,eval,-1,5,24,6.6783583e-1,1.7847659e-1,6.45368e-1,2.0392066e-1
7,0,eval,-1,6,24,4.4596606e-1,6.1949414e-1,4.4975555e-1,5.9901005e-1
7,0,eval,-1,7,24,2.6098272e-1,6.219057e-1,2.8773728e-1,5.913327e-1
7,0,eval,-1,8,24,3.941443e-1,6.254181e-1,4.0747863e-1,6.0189736e-1
7,0,eval,-1,9,24,5.756874e-1,6.242552e-1,5.5510324e-1,6.012466e-1
7,0,eval,-1,10,24,6.5916085e-1,3.971176e-1,6.394361e-1,4.145685e-1
7,0,eval,-1,11,24,2.8643984e-1,3.4226263e-1,3.1172085e-1,3.8421652e-1
7,0,eval,-1,12,24,3.293035e-1,1.5644474e-1,3.6147863e-1,1.8001227e-1
7,0,eval,-1,13,24,3.1362718e-1,4.1271183e-1,3.343302e-1,4.4070768e-1
7,0,eval,-1,14,24,4.4638538e-1,4.0295297e-1,4.5364794e-1,4.255732e-1
7,0,eval,-1,15,24,4.468472e-1,2.9796815e-1,4.6078715e-1,3.3107895e-1
7,0,eval,-1,16,24,5.2651775e-1,4.2353535e-1,5.216878e-1,4.3888083e-1
7,0,eval,-1,17,24,1.8350269e-1,2.8417927e-1,2.033396e-1,3.2930037e-1
7,0,eval,-1,18,24,1.8589899e-1,5.152457e-1,2.1169588e-1,5.131813e-1
7,0,eval,-1,19,24,2.0207092e-1,1.8781471e-1,2.2066124e-1,2.154704e-1
7,0,eval,-1,20,24,8.1093633e-1,2.0669857e-1,7.923279e-1,2.3198347e-1
7,0,eval,-1,21,24,2.2642678e-1,5.780572e-1,2.5259092e-1,5.5724245e-1
7,0,eval,-1,22,24,3.6261928e-1,7.0814097e-1,3.8633904e-1,6.733004e-1
7,0,eval,-1,23,24,5.560379e-1,5.680872e-1,5.4127145e-1,5.5487126e-1
7,0,eval,-1,24,24,6.2944174e-1,3.559004e-1,6.1244714e-1,3.7976855e-1
7,0,eval,-1,25,24,3.9697915e-1,4.2074248e-1,4.0943706e-1,4.429586e-1
7,0,eval,-1,26,24,4.778467e-1,5.476815e-1,4.7567928e-1,5.4060906e-1
7,0,eval,-1,27,24,5.1643896e-1,3.8532674e-1,5.1454324e-1,4.0704307e-1
7,0,eval,-1,28,24,1.99362e-1,4.317805e-1,2.2384597e-1,4.5621964e-1
7,0,eval,-1,29,24,2.5008574e-1,2.9771477e-1,2.7642348e-1,3.437341e-1
7,0,eval,-1,30,24,3.1036353e-1,7.9766595e-1,3.4407714e-1,7.6453805e-1
7,0,eval,-1,31,24,4.5686805e-1,5.849734e-1,4.5806432e-1,5.707261e-1
7,0,eval,-1,32,24,3.07554e-1,4.5726347e-1,3.2745424e-1,4.739227e-1
7,0,eval,-1,33,24,3.3268535e-1,3.965209e-1,3.5277662e-1,4.2713487e-1
7,0,eval,-1,34,24,6.252866e-1,7.779093e-1,5.899332e-1,7.483642e-1
7,0,eval,-1,35,24,6.9148254e-1,2.1503845e-1,6.67227e-1,2.4377891e-1
7,0,eval,-1,36,24,3.296159e-1,2.9734588e-1,3.5672748e-1,3.3910692e-1
7,0,eval,-1,37,24,3.5139877e-1,2.860337e-1,3.7814257e-1,3.2610947e-1
7,0,eval,-1,38,24,4.3863744e-1,2.5289592e-1,4.5655638e-1,2.862892e-1
7,0,eval,-1,39,24,1.870503e-1,5.806141e-1,2.134617e-1,5.5844396e-1
7,0,eval,-1,40,24,2.588924e-1,5.4978776e-1,2.8305745e-1,5.381251e-1
7,0,eval,-1,41,24,4.068054e-1,5.343192e-1,4.1534716e-1,5.302879e-1
7,0,eval,-1,42,24,5.377839e-1,6.768215e-1,5.223531e-1,6.4966244e-1
7,0,eval,-1,43,24,8.447616e-1,2.3709607e-1,8.287516e-1,2.6428565e-1
7,0,eval,-1,44,24,2.6749405e-1,5.843686e-1,2.92341e-1,5.6314325e-1
7,0,eval,-1,45,24,8.4525084e-1,4.0399262e-1,8.226975e-1,4.1913465e-1
7,0,eval,-1,46,24,8.014188e-1,2.469643e-1,7.8025836e-1,2.7684844e-1
7,0,eval,-1,47,24,5.5644685e-1,5.353698e-1,5.431566e-1,5.282023e-1
7,0,eval,-1,48,24,4.5444825e-1,3.197363e-1,4.6577471e-1,3.513966e-1
7,0,eval,-1,49,24,2.8198594e-1,2.247256e-1,3.1250426e-1,2.6255345e-1
7,0,eval,-1,50,24,4.779584e-1,5.2089727e-1,4.7626078e-1,5.1924783e-1
7,0,eval,-1,51,24,4.4164646e-1,7.902328e-1,4.5230922e-1,7.5963414e-1
7,0,eval,-1,52,24,2.3654296e-1,4.5650235e-1,2.60512e-1,4.738459e-1
7,0,eval,-1,53,24,7.096485e-1,5.5484307e-1,6.8266803e-1,5.3472686e-1
7,0,eval,-1,54,24,7.93522e-1,5.105532e-1,7.682672e-1,4.9872303e-1
7,0,eval,-1,55,24,4.3228272e-1,8.3574975e-1,4.4619632e-1,8.0813915e-1
7,0,eval,-1,56,24,5.310887e-1,7.782084e-1,5.1672554e-1,7.4880135e-1
7,0,eval,-1,57,24,1.95684e-1,2.5623912e-1,2.1608043e-1,2.9906696e-1
7,0,eval,-1,58,24,3.423369e-1,3.007726e-1,3.6853582e-1,3.415462e-1
7,0,eval,-1,59,24,1.5345374e-1,5.3381693e-1,1.7930153e-1,5.255192e-1
7,0,eval,-1,60,24,8.346578e-1,2.5105813e-1,8.1674445e-1,2.7991265e-1
7,0,eval,-1,61,24,4.96182e-1,8.316027e-1,4.924447e-1,8.045109e-1
7,0,eval,-1,62,24,2.3139264e-1,4.797971e-1,2.556922e-1,4.8981094e-1
7,0,eval,-1,63,24,4.573438e-1,6.6400254e-1,4.6003324e-1,6.377499e-1
7,1,train,0,0,8,3.0202097e-1,4.073947e-1,2.8414425e-1,4.2174202e-1
7,1,train,0,1,24,3.0202097e-1,4.073947e-1,2.5836727e-1,4.511556e-1
7,1,train,0,2,8,5.936183e-1,1.8908948e-1,5.8985746e-1,1.971426e-1
7,1,train,0,3,24,5.936183e-1,1.8908948e-1,5.83635e-1,2.1321344e-1
7,1,train,0,4,8,6.674485e-1,3.372209e-1,6.612192e-1,3.4780064e-1
7,1,train,0,5,24,6.674485e-1,3.372209e-1,6.501983e-1,3.6970067e-1
7,1,train,0,6,8,6.9242966e-1,4.7516778e-1,6.738691e-1,4.9068838e-1
7,1,train,0,7,24,6.9242966e-1,4.7516778e-1,6.3476163e-1,5.301075e-1
7,1,train,0,8,8,2.4451831e-1,6.1644316e-1,2.5264817e-1,6.069789e-1
7,1,train,0,9,24,2.4451831e-1,6.1644316e-1,2.6725683e-1,5.923307e-1
7,1,train,0,10,8,7.3932517e-1,4.339718e-1,7.270501e-1,4.4240478e-1
7,1,train,0,11,24,7.3932517e-1,4.339718e-1,6.9855577e-1,4.6354553e-1
7,1,train,0,12,8,2.9401338e-1,4.315692e-1,2.787903e-1,4.481329e-1
7,1,train,0,13,24,2.9401338e-1,4.315692e-1,2.5960523e-1,4.7671977e-1
7,1,train,0,14,8,4.4225228e-1,4.863959e-1,4.6523878e-1,5.1661307e-1
7,1,train,0,15,24,4.4225228e-1,4.863959e-1,5.185417e-1,5.5925906e-1
7,1,train,0,16,8,2.194431e-1,4.8523653e-1,2.2040887e-1,4.9166787e-1
7,1,train,0,17,24,2.194431e-1,4.8523653e-1,2.2339965e-1,5.025127e-1
7,1,train,0,18,8,8.008988e-1,8.367002e-1,7.938981e-1,8.321734e-1
7,1,train,0,19,24,8.008988e-1,8.367002e-1,7.7751595e-1,8.2109964e-1
7,1,train,0,20,8,6.492866e-1,6.9288063e-1,6.25968e-1,6.5801615e-1
7,1,train,0,21,24,6.492866e-1,6.9288063e-1,5.9867764e-1,6.1165875e-1
7,1,train,0,22,8,6.754954e-1,1.6185975e-1,6.6787755e-1,1.6925594e-1
7,1,train,0,23,24,6.754954e-1,1.6185975e-1,6.530255e-1,1.850441e-1
7,1,train,0,24,8,5.959381e-1,2.8959525e-1,5.957616e-1,2.975132e-1
7,1,train,0,25,24,5.959381e-1,2.8959525e-1,5.9679836e-1,3.1344768e-1
7,1,train,0,26,8,1.9928022e-1,3.676044e-1,1.9898246e-1,3.8067254e-1
7,1,train,0,27,24,1.9928022e-1,3.676044e-1,1.983118e-1,4.0587473e-1
7,1,train,0,28,8,4.3480605e-1,6.954787e-1,4.4815227e-1,6.8040776e-1
7,1,train,0,29,24,4.3480605e-1,6.954787e-1,4.8325044e-1,6.490068e-1
7,1,train,0,30,8,2.4858755e-1,6.0844314e-1,2.56318e-1,6.0003555e-1
7,1,train,0,31,24,2.4858755e-1,6.0844314e-1,2.7005377e-1,5.8745795e-1
7,1,train,1,0,8,7.148092e-1,5.3745246e-1,6.848339e-1,5.438313e-1
7,1,train,1,1,24,7.148092e-1,5.3745246e-1,6.305724e-1,5.637689e-1
7,1,train,1,2,8,5.2134615e-1,7.2549987e-1,5.2857596e-1,6.9786865e-1
7,1,train,1,3,24,5.2134615e-1,7.2549987e-1,5.5190206e-1,6.416157e-1
7,1,train,1,4,8,4.1805115e-1,7.6047766e-1,4.2668256e-1,7.472555e-1
7,1,train,1,5,24,4.1805115e-1,7.6047766e-1,4.4555295e-1,7.177873e-1
7,1,train,1,6,8,5.271059e-1,4.7844818e-1,5.4805475e-1,5.0776494e-1
7,1,train,1,7,24,5.271059e-1,4.7844818e-1,5.73697e-1,5.5519265e-1
7,1,train,1,8,8,8.08231e-1,6.584691e-1,7.928918e-1,6.429617e-1
7,1,train,1,9,24,8.08231e-1,6.584691e-1,7.479674e-1,6.127443e-1
7,1,train,1,10,8,1.7044465e-1,6.2050945e-1,1.7860939e-1,6.0924745e-1
7,1,train,1,11,24,1.7044465e-1,6.2050945e-1,1.9491473e-1,5.895948e-1
7,1,train,1,12,8,5.994941e-1,5.3045166e-1,5.9620875e-1,5.5139136e-1
7,1,train,1,13,24,5.994941e-1,5.3045166e-1,5.9139866e-1,5.748742e-1
7,1,train,1,14,8,5.7197046e-1,6.409631e-1,5.762817e-1,6.1982006e-1
7,1,train,1,15,24,5.7197046e-1,6.409631e-1,5.82337e-1,5.990037e-1
7,1,train,1,16,8,7.888137e-1,7.403648e-1,7.758972e-1,7.257803e-1
7,1,train,1,17,24,7.888137e-1,7.403648e-1,7.3864365e-1,6.890383e-1
7,1,train,1,18,8,4.1343737e-1,7.475575e-1,4.227785e-1,7.3407364e-1
7,1,train,1,19,24,4.1343737e-1,7.475575e-1,4.4366404e-1,7.0446473e-1
7,1,train,1,20,8,3.514967e-1,5.0221086e-1,3.491414e-1,5.2458936e-1
7,1,train,1,21,24,3.514967e-1,5.0221086e-1,3.5231072e-1,5.550453e-1
7,1,train,1,22,8,1.9172439e-1,7.821429e-1,1.992276e-1,7.7136034e-1
7,1,train,1,23,24,1.9172439e-1,7.821429e-1,2.1601541e-1,7.4737895e-1
7,1,train,1,24,8,7.257638e-1,2.7616686e-1,7.175214e-1,2.8675926e-1
7,1,train,1,25,24,7.257638e-1,2.7616686e-1,7.013018e-1,3.0804402e-1
7,1,train,1,26,8,6.143609e-1,3.0330646e-1,6.125098e-1,3.1221992e-1
7,1,train,1,27,24,6.143609e-1,3.0330646e-1,6.1060935e-1,3.302146e-1
7,1,train,1,28,8,7.370498e-1,4.0862003e-1,7.266379e-1,4.1760617e-1
7,1,train,1,29,24,7.370498e-1,4.0862003e-1,7.0350504e-1,4.3795532e-1
7,1,train,1,30,8,1.6094552e-1,5.0197995e-1,1.6750668e-1,5.034623e-1
7,1,train,1,31,24,1.6094552e-1,5.0197995e-1,1.798281e-1,5.0646794e-1
7,1,train,2,0,8,5.2611876e-1,3.1310838e-1,5.3949255e-1,3.1456313e-1
7,1,train,2,1,24,5.2611876e-1,3.1310838e-1,5.602369e-1,3.2230064e-1
7,1,train,2,2,8,4.4319668e-1,5.822872e-1,4.6557873e-1,5.8804536e-1
7,1,train,2,3,24,4.4319668e-1,5.822872e-1,5.178285e-1,5.927747e-1
7,1,train,2,4,8,4.3887895e-1,5.240931e-1,4.6058202e-1,5.4686743e-1
7,1,train,2,5,24,4.3887895e-1,5.240931e-1,5.134803e-1,5.7437116e-1
7,1,train,2,6,8,1.646483e-1,2.2179216e-1,1.6790456e-1,2.3191562e-1
7,1,train,2,7,24,1.646483e-1,2.2179216e-1,1.7491549e-1,2.5424445e-1
7,1,train,2,8,8,6.987028e-1,1.9769064e-1,6.905781e-1,2.0634604e-1
7,1,train,2,9,24,6.987028e-1,1.9769064e-1,6.745832e-1,2.2458823e-1
7,1,train,2,10,8,5.42342e-1,2.2854406e-1,5.4477346e-1,2.3424768e-1
7,1,train,2,11,24,5.42342e-1,2.2854406e-1,5.499413e-1,2.4546076e-1
7,1,train,2,12,8,3.6753613e-1,7.8307736e-1,3.7784708e-1,7.71676e-1
7,1,train,2,13,24,3.6753613e-1,7.8307736e-1,3.976227e-1,7.4740446e-1
7,1,train,2,14,8,6.756449e-1,6.409715e-1,6.430146e-1,6.1919993e-1
7,1,train,2,15,24,6.756449e-1,6.409715e-1,6.0554093e-1,5.969064e-1
7,1,train,2,16,8,2.4548563e-1,4.447946e-1,2.3928198e-1,4.5692262e-1
7,1,train,2,17,24,2.4548563e-1,4.447946e-1,2.3256052e-1,4.7736904e-1
7,1,train,2,18,8,3.216293e-1,7.600093e-1,3.3300647e-1,7.477657e-1
7,1,train,2,19,24,3.216293e-1,7.600093e-1,3.5510042e-1,7.226636e-1
7,1,train,2,20,8,1.8035159e-1,6.14278e-1,1.8859918e-1,6.0353017e-1
7,1,train,2,21,24,1.8035159e-1,6.14278e-1,2.0471197e-1,5.8518803e-1
7,1,train,2,22,8,7.1989167e-1,1.688638e-1,7.1200395e-1,1.7614111e-1
7,1,train,2,23,24,7.1989167e-1,1.688638e-1,6.959245e-1,1.9190855e-1
7,1,train,2,24,8,5.45328e-1,5.952093e-1,5.61115e-1,5.933488e-1
7,1,train,2,25,24,5.45328e-1,5.952093e-1,5.7773423e-1,5.9067035e-1
7,1,train,2,26,8,3.486578e-1,7.8718793e-1,3.5959157e-1,7.760074e-1
7,1,train,2,27,24,3.486578e-1,7.8718793e-1,3.8053584e-1,7.523233e-1
7,1,train,2,28,8,7.5647247e-1,8.1619143e-1,7.4485874e-1,8.079193e-1
7,1,train,2,29,24,7.5647247e-1,8.1619143e-1,7.1733165e-1,7.8590566e-1
7,1,train,2,30,8,4.5670986e-1,7.244202e-1,4.673844e-1,7.067151e-1
7,1,train,2,31,24,4.5670986e-1,7.244202e-1,4.9701515e-1,6.664791e-1
7,1,eval,-1,0,24,4.571319e-1,6.6966915e-1,5.1935714e-1,6.243868e-1
7,1,eval,-1,1,24,7.7727103e-1,4.8983333e-1,7.252427e-1,5.009401e-1
7,1,eval,-1,2,24,4.8228046e-1,7.550665e-1,5.077754e-1,6.910483e-1
7,1,eval,-1,3,24,1.7369469e-1,4.7421095e-1,1.8789731e-1,4.886635e-1
7,1,eval,-1,4,24,4.0317786e-1,1.6185012e-1,4.302859e-1,1.7440155e-1
7,1,eval,-1,5,24,6.6783583e-1,1.7847659e-1,6.4581484e-1,2.0354459e-1
7,1,eval,-1,6,24,4.4596606e-1,6.1949414e-1,5.176374e-1,6.048638e-1
7,1,eval,-1,7,24,2.6098272e-1,6.219057e-1,2.8387758e-1,5.9832865e-1
7,1,eval,-1,8,24,3.941443e-1,6.254181e-1,4.391081e-1,6.144048e-1
7,1,eval,-1,9,24,5.756874e-1,6.242552e-1,5.837725e-1,5.953974e-1
7,1,eval,-1,10,24,6.5916085e-1,3.971176e-1,6.3888186e-1,4.4342986e-1
7,1,eval,-1,11,24,2.8643984e-1,3.4226263e-1,2.5403747e-1,3.650731e-1
7,1,eval,-1,12,24,3.293035e-1,1.5644474e-1,3.5930103e-1,1.6997187e-1
7,1,eval,-1,13,24,3.1362718e-1,4.1271183e-1,2.6764908e-1,4.6034387e-1
7,1,eval,-1,14,24,4.4638538e-1,4.0295297e-1,5.299205e-1,4.6220937e-1
7,1,eval,-1,15,24,4.468472e-1,2.9796815e-1,4.9221024e-1,2.7575725e-1
7,1,eval,-1,16,24,5.2651775e-1,4.2353535e-1,5.747817e-1,4.9935147e-1
7,1,eval,-1,17,24,1.8350269e-1,2.8417927e-1,1.9149695e-1,3.240633e-1
7,1,eval,-1,18,24,1.8589899e-1,5.152457e-1,2.0208561e-1,5.177325e-1
7,1,eval,-1,19,24,2.0207092e-1,1.8781471e-1,2.1778405e-1,2.1236217e-1
7,1,eval,-1,20,24,8.1093633e-1,2.0669857e-1,7.9232913e-1,2.3198836e-1
7,1,eval,-1,21,24,2.2642678e-1,5.780572e-1,2.4511929e-1,5.641761e-1
7,1,eval,-1,22,24,3.6261928e-1,7.0814097e-1,3.955786e-1,6.720855e-1
7,1,eval,-1,23,24,5.560379e-1,5.680872e-1,5.809729e-1,5.8492345e-1
7,1,eval,-1,24,24,6.2944174e-1,3.559004e-1,6.2375027e-1,3.9115012e-1
7,1,eval,-1,25,24,3.9697915e-1,4.2074248e-1,4.2475128e-1,5.06281e-1
7,1,eval,-1,26,24,4.778467e-1,5.476815e-1,5.5138916e-1,5.8128273e-1
7,1,eval,-1,27,24,5.1643896e-1,3.8532674e-1,5.712832e-1,4.2827457e-1
7,1,eval,-1,28,24,1.99362e-1,4.317805e-1,2.0191815e-1,4.6043447e-1
7,1,eval,-1,29,24,2.5008574e-1,2.9771477e-1,2.4286044e-1,3.2508242e-1
7,1,eval,-1,30,24,3.1036353e-1,7.9766595e-1,3.4465954e-1,7.641834e-1
7,1,eval,-1,31,24,4.5686805e-1,5.849734e-1,5.3317124e-1,5.924969e-1
7,1,eval,-1,32,24,3.07554e-1,4.5726347e-1,2.798224e-1,5.0571275e-1
7,1,eval,-1,33,24,3.3268535e-1,3.965209e-1,2.7913377e-1,4.3977723e-1
7,1,eval,-1,34,24,6.252866e-1,7.779093e-1,5.9020615e-1,6.858342e-1
7,1,eval,-1,35,24,6.9148254e-1,2.1503845e-1,6.67784e-1,2.434986e-1
7,1,eval,-1,36,24,3.296159e-1,2.9734588e-1,3.2175034e-1,2.8503352e-1
7,1,eval,-1,37,24,3.5139877e-1,2.860337e-1,3.5839394e-1,2.6406708e-1
7,1,eval,-1,38,24,4.3863744e-1,2.5289592e-1,4.7153798e-1,2.4138921e-1
7,1,eval,-1,39,24,1.870503e-1,5.806141e-1,2.0933004e-1,5.614864e-1
7,1,eval,-1,40,24,2.588924e-1,5.4978776e-1,2.6845434e-1,5.5263877e-1
7,1,eval,-1,41,24,4.068054e-1,5.343192e-1,4.58877e-1,5.7824445e-1
7,1,eval,-1,42,24,5.377839e-1,6.768215e-1,5.702908e-1,6.1115366e-1
7,1,eval,-1,43,24,8.447616e-1,2.3709607e-1,8.2874614e-1,2.6429495e-1
7,1,eval,-1,44,24,2.6749405e-1,5.843686e-1,2.8376392e-1,5.753661e-1
7,1,eval,-1,45,24,8.4525084e-1,4.0399262e-1,8.212673e-1,4.2016488e-1
7,1,eval,-1,46,24,8.014188e-1,2.469643e-1,7.8024465e-1,2.7689418e-1
7,1,eval,-1,47,24,5.5644685e-1,5.353698e-1,5.816333e-1,5.77288e-1
7,1,eval,-1,48,24,4.5444825e-1,3.197363e-1,5.0913376e-1,2.9992053e-1
7,1,eval,-1,49,24,2.8198594e-1,2.247256e-1,2.9846907e-1,2.3977116e-1
7,1,eval,-1,50,24,4.779584e-1,5.2089727e-1,5.514639e-1,5.7317716e-1
7,1,eval,-1,51,24,4.4164646e-1,7.902328e-1,4.607492e-1,7.4875355e-1
7,1,eval,-1,52,24,2.3654296e-1,4.5650235e-1,2.2937001e-1,4.8490757e-1
7,1,eval,-1,53,24,7.096485e-1,5.5484307e-1,6.239268e-1,5.7204145e-1
7,1,eval,-1,54,24,7.93522e-1,5.105532e-1,7.421104e-1,5.114844e-1
7,1,eval,-1,55,24,4.3228272e-1,8.3574975e-1,4.4842613e-1,8.0454975e-1
7,1,eval,-1,56,24,5.310887e-1,7.782084e-1,5.3601784e-1,7.0513743e-1
7,1,eval,-1,57,24,1.95684e-1,2.5623912e-1,2.0559509e-1,2.9248753e-1
7,1,eval,-1,58,24,3.423369e-1,3.007726e-1,3.3760783e-1,2.8095767e-1
7,1,eval,-1,59,24,1.5345374e-1,5.3381693e-1,1.752389e-1,5.274204e-1
7,1,eval,-1,60,24,8.346578e-1,2.5105813e-1,8.167307e-1,2.7993554e-1
7,1,eval,-1,61,24,4.96182e-1,8.316027e-1,4.965978e-1,7.9443485e-1
7,1,eval,-1,62,24,2.3139264e-1,4.797971e-1,2.3074009e-1,5.0099117e-1
7,1,eval,-1,63,24,4.573438e-1,6.6400254e-1,5.212721e-1,6.2133825e-1
19,0,train,0,0,8,5.699569e-1,8.2942915e-1,5.605808e-1,8.388247e-1
19,0,train,0,1,24,5.699569e-1,8.2942915e-1,5.43247e-1,8.5860175e-1
19,0,train,0,2,8,3.4390253e-1,6.910504e-1,3.367694e-1,6.793212e-1
19,0,train,0,3,24,3.4390253e-1,6.910504e-1,3.212691e-1,6.523079e-1
19,0,train,0,4,8,2.613454e-1,5.787997e-1,2.54099e-1,5.629264e-1
19,0,train,0,5,24,2.613454e-1,5.787997e-1,2.4113442e-1,5.3417295e-1
19,0,train,0,6,8,7.2878456e-1,6.274477e-1,7.299197e-1,6.15404e-1
19,0,train,0,7,24,7.2878456e-1,6.274477e-1,7.3286974e-1,5.8873844e-1
19,0,train,0,8,8,5.74703e-1,2.777612e-1,5.6528664e-1,2.6801133e-1
19,0,train,0,9,24,5.74703e-1,2.777612e-1,5.481852e-1,2.5104216e-1
19,0,train,0,10,8,5.9157205e-1,6.8323636e-1,5.8108884e-1,6.791315e-1
19,0,train,0,11,24,5.9157205e-1,6.8323636e-1,5.5914146e-1,6.6965574e-1
19,0,train,0,12,8,8.089663e-1,3.3765393e-1,8.070325e-1,3.3136594e-1
19,0,train,0,13,24,8.089663e-1,3.3765393e-1,8.0197155e-1,3.1923765e-1
19,0,train,0,14,8,5.659859e-1,7.706431e-1,5.555829e-1,7.754218e-1
19,0,train,0,15,24,5.659859e-1,7.706431e-1,5.3555584e-1,7.8569424e-1
19,0,train,0,16,8,5.461797e-1,5.560055e-1,5.3436446e-1,5.407291e-1
19,0,train,0,17,24,5.461797e-1,5.560055e-1,5.0969976e-1,5.080593e-1
19,0,train,0,18,8,6.8010104e-1,3.5707676e-1,6.719405e-1,3.440057e-1
19,0,train,0,19,24,6.8010104e-1,3.5707676e-1,6.5336406e-1,3.1904104e-1
19,0,train,0,20,8,4.0466708e-1,2.9438135e-1,4.0504313e-1,2.9013935e-1
19,0,train,0,21,24,4.0466708e-1,2.9438135e-1,4.0654263e-1,2.8231835e-1
19,0,train,0,22,8,7.564368e-1,1.6852821e-1,7.467381e-1,1.6564786e-1
19,0,train,0,23,24,7.564368e-1,1.6852821e-1,7.2590375e-1,1.6010772e-1
19,0,train,0,24,8,7.4465716e-1,8.389002e-1,7.4344945e-1,8.499413e-1
19,0,train,0,25,24,7.4465716e-1,8.389002e-1,7.4027425e-1,8.7488925e-1
19,0,train,0,26,8,7.4895096e-1,2.0386484e-1,7.39084e-1,2.0003916e-1
19,0,train,0,27,24,7.4895096e-1,2.0386484e-1,7.1780103e-1,1.9244309e-1
19,0,train,0,28,8,3.9684644e-1,2.7842668e-1,3.9871642e-1,2.7564284e-1
19,0,train,0,29,24,3.9684644e-1,2.7842668e-1,4.026584e-1,2.7019247e-1
19,0,train,0,30,8,4.698027e-1,7.0300186e-1,4.596946e-1,6.987356e-1
19,0,train,0,31,24,4.698027e-1,7.0300186e-1,4.3972075e-1,6.8763924e-1
19,0,train,1,0,8,6.0504395e-1,7.567586e-1,5.947536e-1,7.6053035e-1
19,0,train,1,1,24,6.0504395e-1,7.567586e-1,5.737592e-1,7.690913e-1
19,0,train,1,2,8,8.0672276e-1,7.175119e-1,8.146761e-1,7.1332526e-1
19,0,train,1,3,24,8.0672276e-1,7.175119e-1,8.3314097e-1,7.032115e-1
19,0,train,1,4,8,3.4047985e-1,7.881733e-1,3.3849648e-1,7.857055e-1
19,0,train,1,5,24,3.4047985e-1,7.881733e-1,3.3423072e-1,7.796628e-1
19,0,train,1,6,8,8.0824363e-1,1.7678721e-1,8.0184215e-1,1.7400445e-1
19,0,train,1,7,24,8.0824363e-1,1.7678721e-1,7.876383e-1,1.683909e-1
19,0,train,1,8,8,5.2425814e-1,7.2361434e-1,5.1356304e-1,7.2311604e-1
19,0,train,1,9,24,5.2425814e-1,7.2361434e-1,4.9277952e-1,7.2108114e-1
19,0,train,1,10,8,4.7712415e-1,2.928126e-1,4.7306183e-1,2.8450066e-1
19,0,train,1,11,24,4.7712415e-1,2.928126e-1,4.6683535e-1,2.7017605e-1
19,0,train,1,12,8,4.428237e-1,8.434017e-1,4.3969598e-1,8.4985954e-1
19,0,train,1,13,24,4.428237e-1,8.434017e-1,4.345474e-1,8.6364454e-1
19,0,train,1,14,8,4.5306998e-1,7.180158e-1,4.441241e-1,7.1444154e-1
19,0,train,1,15,24,4.5306998e-1,7.180158e-1,4.265635e-1,7.0493656e-1
19,0,train,1,16,8,2.4022803e-1,4.030609e-1,2.3971218e-1,4.03212e-1
19,0,train,1,17,24,2.4022803e-1,4.030609e-1,2.3871909e-1,4.035515e-1
19,0,train,1,18,8,2.603458e-1,1.587195e-1,2.7010864e-1,1.637988e-1
19,0,train,1,19,24,2.603458e-1,1.587195e-1,2.900864e-1,1.7396675e-1
19,0,train,1,20,8,2.8538936e-1,5.7309425e-1,2.769674e-1,5.574314e-1
19,0,train,1,21,24,2.8538936e-1,5.7309425e-1,2.6174572e-1,5.2883554e-1
19,0,train,1,22,8,6.5299666e-1,6.998004e-1,6.456598e-1,6.967218e-1
19,0,train,1,23,24,6.5299666e-1,6.998004e-1,6.295921e-1,6.8990207e-1
19,0,train,1,24,8,5.38944e-1,4.4855845e-1,5.2803516e-1,4.3057084e-1
19,0,train,1,25,24,5.38944e-1,4.4855845e-1,5.070235e-1,3.9626816e-1
19,0,train,1,26,8,6.8871903e-1,4.2418894e-1,6.8365645e-1,4.0856636e-1
19,0,train,1,27,24,6.8871903e-1,4.2418894e-1,6.7086166e-1,3.7843114e-1
19,0,train,1,28,8,6.912644e-1,2.4031156e-1,6.7981315e-1,2.340734e-1
19,0,train,1,29,24,6.912644e-1,2.4031156e-1,6.5618896e-1,2.2213489e-1
19,0,train,1,30,8,2.0730814e-1,7.99369e-1,2.0348048e-1,7.9374325e-1
19,0,train,1,31,24,2.0730814e-1,7.99369e-1,1.9514874e-1,7.8018504e-1
19,0,train,2,0,8,3.000108e-1,2.7876562e-1,3.0556166e-1,2.8238958e-1
19,0,train,2,1,24,3.000108e-1,2.7876562e-1,3.1566125e-1,2.8824866e-1
19,0,train,2,2,8,7.625127e-1,6.832408e-1,7.6629e-1,6.7585254e-1
19,0,train,2,3,24,7.625127e-1,6.832408e-1,7.754172e-1,6.585533e-1
19,0,train,2,4,8,1.815868e-1,3.1538546e-1,1.859323e-1,3.2359946e-1
19,0,train,2,5,24,1.815868e-1,3.1538546e-1,1.9390364e-1,3.387509e-1
19,0,train,2,6,8,5.54793e-1,6.1521363e-1,5.4316664e-1,6.043753e-1
19,0,train,2,7,24,5.54793e-1,6.1521363e-1,5.186849e-1,5.798562e-1
19,0,train,2,8,8,7.060088e-1,8.239621e-1,7.0116657e-1,8.340044e-1
19,0,train,2,9,24,7.060088e-1,8.239621e-1,6.900899e-1,8.568303e-1
19,0,train,2,10,8,4.6280506e-1,5.858933e-1,4.492988e-1,5.721864e-1
19,0,train,2,11,24,4.6280506e-1,5.858933e-1,4.2209026e-1,5.42687e-1
19,0,train,2,12,8,5.666399e-1,1.9811969e-1,5.586374e-1,1.9469272e-1
19,0,train,2,13,24,5.666399e-1,1.9811969e-1,5.445491e-1,1.8897377e-1
19,0,train,2,14,8,6.951133e-1,3.3734727e-1,6.867667e-1,3.2591015e-1
19,0,train,2,15,24,6.951133e-1,3.3734727e-1,6.678593e-1,3.039242e-1
19,0,train,2,16,8,4.7928953e-1,8.309486e-1,4.737804e-1,8.3787996e-1
19,0,train,2,17,24,4.7928953e-1,8.309486e-1,4.6433216e-1,8.52463e-1
19,0,train,2,18,8,7.5834405e-1,1.6534281e-1,7.487456e-1,1.6253011e-1
19,0,train,2,19,24,7.5834405e-1,1.6534281e-1,7.2811127e-1,1.5713464e-1
19,0,train,2,20,8,1.7298639e-1,1.7513418e-1,1.7887722e-1,1.8118529e-1
19,0,train,2,21,24,1.7298639e-1,1.7513418e-1,1.9159266e-1,1.9416636e-1
19,0,train,2,22,8,6.006639e-1,3.4087956e-1,5.906408e-1,3.2670277e-1
19,0,train,2,23,24,6.006639e-1,3.4087956e-1,5.7083654e-1,3.0094117e-1
19,0,train,2,24,8,4.5908198e-1,8.113003e-1,4.5394105e-1,8.1617504e-1
19,0,train,2,25,24,4.5908198e-1,8.113003e-1,4.4499654e-1,8.264267e-1
19,0,train,2,26,8,8.2177377e-1,5.740839e-1,8.301418e-1,5.6032693e-1
19,0,train,2,27,24,8.2177377e-1,5.740839e-1,8.470617e-1,5.334846e-1
19,0,train,2,28,8,7.3107123e-1,2.8248656e-1,7.2219616e-1,2.7522817e-1
19,0,train,2,29,24,7.3107123e-1,2.8248656e-1,7.025019e-1,2.6084548e-1
19,0,train,2,30,8,7.12914e-1,3.9042997e-1,7.0778567e-1,3.7718067e-1
19,0,train,2,31,24,7.12914e-1,3.9042997e-1,6.9487536e-1,3.5177526e-1
19,0,eval,-1,0,24,5.829635e-1,1.8844193e-1,5.5797964e-1,1.8058318e-1
19,0,eval,-1,1,24,7.8950655e-1,5.843929e-1,8.093005e-1,5.4145885e-1
19,0,eval,-1,2,24,6.922263e-1,6.6000426e-1,6.827947e-1,6.323539e-1
19,0,eval,-1,3,24,4.7183535e-1,3.1214744e-1,4.6003443e-1,2.86439e-1
19,0,eval,-1,4,24,2.2973076e-1,3.7501198e-1,2.3304357e-1,3.8315782e-1
19,0,eval,-1,5,24,6.8025863e-1,7.557795e-1,6.598232e-1,7.6625127e-1
19,0,eval,-1,6,24,3.3221126e-1,7.5187564e-1,3.2019684e-1,7.2893226e-1
19,0,eval,-1,7,24,8.089644e-1,6.0433567e-1,8.342195e-1,5.638458e-1
19,0,eval,-1,8,24,6.991e-1,5.312687e-1,6.9359934e-1,4.8133937e-1
19,0,eval,-1,9,24,5.232478e-1,7.652075e-1,4.957464e-1,7.7541786e-1
19,0,eval,-1,10,24,8.298266e-1,3.0815127e-1,8.234487e-1,2.9503232e-1
19,0,eval,-1,11,24,5.106567e-1,2.8106838e-1,4.952148e-1,2.5737458e-1
19,0,eval,-1,12,24,8.034545e-1,1.7693429e-1,7.8180724e-1,1.684481e-1
19,0,eval,-1,13,24,5.2503645e-1,2.1240056e-1,5.1149267e-1,2.0242071e-1
19,0,eval,-1,14,24,3.2767278e-1,2.089381e-1,3.5252497e-1,2.1884902e-1
19,0,eval,-1,15,24,3.0728108e-1,6.4811003e-1,2.8268656e-1,5.9934914e-1
19,0,eval,-1,16,24,1.5319726e-1,4.4818106e-1,1.5726934e-1,4.451097e-1
19,0,eval,-1,17,24,2.6683033e-1,8.4201217e-1,2.645424e-1,8.4430873e-1
19,0,eval,-1,18,24,7.2603846e-1,4.695419e-1,7.211135e-1,4.241874e-1
19,0,eval,-1,19,24,6.9711983e-1,5.224993e-1,6.9060236e-1,4.7229254e-1
19,0,eval,-1,20,24,5.4688156e-1,4.0026137e-1,5.179846e-1,3.5204393e-1
19,0,eval,-1,21,24,1.805907e-1,5.3935504e-1,1.744936e-1,5.079644e-1
19,0,eval,-1,22,24,6.346477e-1,4.5976797e-1,6.111612e-1,4.064273e-1
19,0,eval,-1,23,24,8.0436695e-1,8.04317e-1,8.2417625e-1,8.25067e-1
19,0,eval,-1,24,24,3.368733e-1,6.824348e-1,3.1348136e-1,6.409172e-1
19,0,eval,-1,25,24,1.5694639e-1,6.386229e-1,1.4682983e-1,5.898361e-1
19,0,eval,-1,26,24,2.4489903e-1,2.9643536e-1,2.5911203e-1,3.1392652e-1
19,0,eval,-1,27,24,3.358208e-1,8.268722e-1,3.3500978e-1,8.3109885e-1
19,0,eval,-1,28,24,6.4403296e-1,4.3587554e-1,6.203879e-1,3.8471198e-1
19,0,eval,-1,29,24,7.092955e-1,3.579206e-1,6.863496e-1,3.2316613e-1
19,0,eval,-1,30,24,4.5857552e-1,6.345767e-1,4.20785e-1,5.992848e-1
19,0,eval,-1,31,24,1.918765e-1,3.5671943e-1,2.0001572e-1,3.7297738e-1
19,0,eval,-1,32,24,7.354269e-1,3.926829e-1,7.218056e-1,3.5693815e-1
19,0,eval,-1,33,24,3.6245397e-1,5.714747e-1,3.2843125e-1,5.2649605e-1
19,0,eval,-1,34,24,4.066106e-1,3.6026862e-1,3.9573073e-1,3.374877e-1
19,0,eval,-1,35,24,3.1477055e-1,3.0812138e-1,3.2385933e-1,3.117423e-1
19,0,eval,-1,36,24,4.966031e-1,5.354074e-1,4.5709768e-1,4.8677236e-1
19,0,eval,-1,37,24,4.90427e-1,6.350705e-1,4.5203912e-1,6.025332e-1
19,0,eval,-1,38,24,6.1018676e-1,4.956826e-1,5.840278e-1,4.4107908e-1
19,0,eval,-1,39,24,4.7507706e-1,4.0769807e-1,4.4921866e-1,3.6610144e-1
19,0,eval,-1,40,24,4.1489843e-1,1.6399679e-1,4.3081576e-1,1.7021103e-1
19,0,eval,-1,41,24,7.946154e-1,4.280878e-1,7.977835e-1,3.9670607e-1
19,0,eval,-1,42,24,3.9871073e-1,5.511771e-1,3.6134726e-1,5.067413e-1
19,0,eval,-1,43,24,8.2003534e-1,4.910474e-1,8.359552e-1,4.5549047e-1
19,0,eval,-1,44,24,5.9054196e-1,7.898017e-1,5.6025785e-1,8.114419e-1
19,0,eval,-1,45,24,4.2394093e-1,4.8050094e-1,3.9054114e-1,4.3894008e-1
19,0,eval,-1,46,24,6.4531815e-1,2.3274982e-1,6.109114e-1,2.1485576e-1
19,0,eval,-1,47,24,5.9011555e-1,2.881704e-1,5.6128174e-1,2.588649e-1
19,0,eval,-1,48,24,6.323979e-1,3.617617e-1,6.029151e-1,3.1917265e-1
19,0,eval,-1,49,24,8.498496e-1,5.539762e-1,8.7710625e-1,5.1672304e-1
19,0,eval,-1,50,24,2.4829862e-1,8.140358e-1,2.4163456e-1,8.0385375e-1
19,0,eval,-1,51,24,2.7400973e-1,5.085068e-1,2.556905e-1,4.7839418e-1
19,0,eval,-1,52,24,2.6682994e-1,3.338632e-1,2.7399257e-1,3.4336877e-1
19,0,eval,-1,53,24,4.6949354e-1,7.0396435e-1,4.3956843e-1,6.8886083e-1
19,0,eval,-1,54,24,7.7878237e-1,7.297857e-1,7.947806e-1,7.21847e-1
19,0,eval,-1,55,24,5.327085e-1,5.822309e-1,4.94435e-1,5.3910846e-1
19,0,eval,-1,56,24,2.5006407e-1,2.2875777e-1,2.7376157e-1,2.4783252e-1
19,0,eval,-1,57,24,3.7515664e-1,8.273865e-1,3.7271294e-1,8.364922e-1
19,0,eval,-1,58,24,2.5058138e-1,4.4412985e-1,2.4250813e-1,4.330313e-1
19,0,eval,-1,59,24,7.02013e-1,1.5789863e-1,6.666782e-1,1.5132341e-1
19,0,eval,-1,60,24,3.3343577e-1,3.2925504e-1,3.3667022e-1,3.2629994e-1
19,0,eval,-1,61,24,4.918383e-1,7.587365e-1,4.670358e-1,7.636983e-1
19,0,eval,-1,62,24,4.440902e-1,6.143532e-1,4.052026e-1,5.741795e-1
19,0,eval,-1,63,24,3.1101573e-1,3.1427485e-1,3.1913695e-1,3.1790516e-1
19,1,train,0,0,8,5.699569e-1,8.2942915e-1,5.610997e-1,8.348762e-1
19,1,train,0,1,24,5.699569e-1,8.2942915e-1,5.4445916e-1,8.481807e-1
19,1,train,0,2,8,3.4390253e-1,6.910504e-1,3.3790064e-1,6.7967975e-1
19,1,train,0,3,24,3.4390253e-1,6.910504e-1,3.240809e-1,6.548189e-1
19,1,train,0,4,8,2.613454e-1,5.787997e-1,2.5112948e-1,5.666211e-1
19,1,train,0,5,24,2.613454e-1,5.787997e-1,2.3133554e-1,5.443063e-1
19,1,train,0,6,8,7.2878456e-1,6.274477e-1,7.047595e-1,6.114952e-1
19,1,train,0,7,24,7.2878456e-1,6.274477e-1,6.479724e-1,5.8747107e-1
19,1,train,0,8,8,5.74703e-1,2.777612e-1,5.700745e-1,2.646859e-1
19,1,train,0,9,24,5.74703e-1,2.777612e-1,5.601089e-1,2.4168506e-1
19,1,train,0,10,8,5.9157205e-1,6.8323636e-1,5.8569264e-1,6.5320134e-1
19,1,train,0,11,24,5.9157205e-1,6.8323636e-1,5.816132e-1,6.0982114e-1
19,1,train,0,12,8,8.089663e-1,3.3765393e-1,8.0694556e-1,3.3147806e-1
19,1,train,0,13,24,8.089663e-1,3.3765393e-1,8.01748e-1,3.195144e-1
19,1,train,0,14,8,5.659859e-1,7.706431e-1,5.585949e-1,7.611756e-1
19,1,train,0,15,24,5.659859e-1,7.706431e-1,5.478112e-1,7.3349863e-1
19,1,train,0,16,8,5.461797e-1,5.560055e-1,5.5713266e-1,5.611796e-1
19,1,train,0,17,24,5.461797e-1,5.560055e-1,5.709875e-1,5.678599e-1
19,1,train,0,18,8,6.8010104e-1,3.5707676e-1,6.724599e-1,3.4567028e-1
19,1,train,0,19,24,6.8010104e-1,3.5707676e-1,6.5617144e-1,3.224293e-1
19,1,train,0,20,8,4.0466708e-1,2.9438135e-1,4.0699008e-1,2.6669154e-1
19,1,train,0,21,24,4.0466708e-1,2.9438135e-1,4.1528377e-1,2.284602e-1
19,1,train,0,22,8,7.564368e-1,1.6852821e-1,7.467408e-1,1.6564643e-1
19,1,train,0,23,24,7.564368e-1,1.6852821e-1,7.2591645e-1,1.6010058e-1
19,1,train,0,24,8,7.4465716e-1,8.389002e-1,7.42922e-1,8.490491e-1
19,1,train,0,25,24,7.4465716e-1,8.389002e-1,7.389633e-1,8.7261593e-1
19,1,train,0,26,8,7.4895096e-1,2.0386484e-1,7.39093e-1,2.0003644e-1
19,1,train,0,27,24,7.4895096e-1,2.0386484e-1,7.178423e-1,1.9242734e-1
19,1,train,0,28,8,3.9684644e-1,2.7842668e-1,3.9908382e-1,2.545407e-1
19,1,train,0,29,24,3.9684644e-1,2.7842668e-1,4.0758547e-1,2.2191872e-1
19,1,train,0,30,8,4.698027e-1,7.0300186e-1,4.7232375e-1,6.894635e-1
19,1,train,0,31,24,4.698027e-1,7.0300186e-1,4.8421946e-1,6.5854305e-1
19,1,train,1,0,8,6.0504395e-1,7.567586e-1,5.948003e-1,7.410177e-1
19,1,train,1,1,24,6.0504395e-1,7.567586e-1,5.795754e-1,6.929651e-1
19,1,train,1,2,8,8.0672276e-1,7.175119e-1,8.1143856e-1,7.115509e-1
19,1,train,1,3,24,8.0672276e-1,7.175119e-1,8.227917e-1,6.979235e-1
19,1,train,1,4,8,3.4047985e-1,7.881733e-1,3.387157e-1,7.855553e-1
19,1,train,1,5,24,3.4047985e-1,7.881733e-1,3.3486888e-1,7.792053e-1
19,1,train,1,6,8,8.0824363e-1,1.7678721e-1,8.018423e-1,1.7400447e-1
19,1,train,1,7,24,8.0824363e-1,1.7678721e-1,7.876391e-1,1.6839078e-1
19,1,train,1,8,8,5.2425814e-1,7.2361434e-1,5.250269e-1,7.04892e-1
19,1,train,1,9,24,5.2425814e-1,7.2361434e-1,5.35845e-1,6.588461e-1
19,1,train,1,10,8,4.7712415e-1,2.928126e-1,4.8411813e-1,2.687302e-1
19,1,train,1,11,24,4.7712415e-1,2.928126e-1,4.9104828e-1,2.34197e-1
19,1,train,1,12,8,4.428237e-1,8.434017e-1,4.4006768e-1,8.492381e-1
19,1,train,1,13,24,4.428237e-1,8.434017e-1,4.3534628e-1,8.6205107e-1
19,1,train,1,14,8,4.5306998e-1,7.180158e-1,4.525523e-1,7.080051e-1
19,1,train,1,15,24,4.5306998e-1,7.180158e-1,4.543709e-1,6.8479663e-1
19,1,train,1,16,8,2.4022803e-1,4.030609e-1,2.2538643e-1,4.038836e-1
19,1,train,1,17,24,2.4022803e-1,4.030609e-1,2.0449035e-1,4.0698183e-1
19,1,train,1,18,8,2.603458e-1,1.587195e-1,2.6947364e-1,1.6266792e-1
19,1,train,1,19,24,2.603458e-1,1.587195e-1,2.8781825e-1,1.6956905e-1
19,1,train,1,20,8,2.8538936e-1,5.7309425e-1,2.7309155e-1,5.6321245e-1
19,1,train,1,21,24,2.8538936e-1,5.7309425e-1,2.4909903e-1,5.441026e-1
19,1,train,1,22,8,6.5299666e-1,6.998004e-1,6.336058e-1,6.7182314e-1
19,1,train,1,23,24,6.5299666e-1,6.998004e-1,6.032442e-1,6.198083e-1
19,1,train,1,24,8,5.38944e-1,4.4855845e-1,5.5053115e-1,4.514398e-1
19,1,train,1,25,24,5.38944e-1,4.4855845e-1,5.668511e-1,4.595813e-1
19,1,train,1,26,8,6.8871903e-1,4.2418894e-1,6.809859e-1,4.1618234e-1
19,1,train,1,27,24,6.8871903e-1,4.2418894e-1,6.662096e-1,3.985052e-1
19,1,train,1,28,8,6.912644e-1,2.4031156e-1,6.7998475e-1,2.340082e-1
19,1,train,1,29,24,6.912644e-1,2.4031156e-1,6.568502e-1,2.2183034e-1
19,1,train,1,30,8,2.0730814e-1,7.99369e-1,2.0348114e-1,7.9374385e-1
19,1,train,1,31,24,2.0730814e-1,7.99369e-1,1.9514997e-1,7.801881e-1
19,1,train,2,0,8,3.000108e-1,2.7876562e-1,2.960103e-1,2.705787e-1
19,1,train,2,1,24,3.000108e-1,2.7876562e-1,2.9263738e-1,2.5838572e-1
19,1,train,2,2,8,7.625127e-1,6.832408e-1,7.542348e-1,6.700954e-1
19,1,train,2,3,24,7.625127e-1,6.832408e-1,7.2397244e-1,6.38378e-1
19,1,train,2,4,8,1.815868e-1,3.1538546e-1,1.8214108e-1,3.222574e-1
19,1,train,2,5,24,1.815868e-1,3.1538546e-1,1.8190795e-1,3.353492e-1
19,1,train,2,6,8,5.54793e-1,6.1521363e-1,5.6283915e-1,6.020747e-1
19,1,train,2,7,24,5.54793e-1,6.1521363e-1,5.732384e-1,5.868737e-1
19,1,train,2,8,8,7.060088e-1,8.239621e-1,7.0004725e-1,8.315178e-1
19,1,train,2,9,24,7.060088e-1,8.239621e-1,6.8713105e-1,8.4967214e-1
19,1,train,2,10,8,4.6280506e-1,5.858933e-1,4.7445035e-1,5.835201e-1
19,1,train,2,11,24,4.6280506e-1,5.858933e-1,5.0475216e-1,5.797761e-1
19,1,train,2,12,8,5.666399e-1,1.9811969e-1,5.597893e-1,1.9326487e-1
19,1,train,2,13,24,5.666399e-1,1.9811969e-1,5.4771227e-1,1.8480444e-1
19,1,train,2,14,8,6.951133e-1,3.3734727e-1,6.870445e-1,3.266991e-1
19,1,train,2,15,24,6.951133e-1,3.3734727e-1,6.693924e-1,3.0550206e-1
19,1,train,2,16,8,4.7928953e-1,8.309486e-1,4.7455347e-1,8.36284e-1
19,1,train,2,17,24,4.7928953e-1,8.309486e-1,4.659886e-1,8.483481e-1
19,1,train,2,18,8,7.5834405e-1,1.6534281e-1,7.48748e-1,1.6252886e-1
19,1,train,2,19,24,7.5834405e-1,1.6534281e-1,7.2812194e-1,1.5712853e-1
19,1,train,2,20,8,1.7298639e-1,1.7513418e-1,1.786329e-1,1.8094371e-1
19,1,train,2,21,24,1.7298639e-1,1.7513418e-1,1.9054644e-1,1.9313766e-1
19,1,train,2,22,8,6.006639e-1,3.4087956e-1,5.9712213e-1,3.262311e-1
19,1,train,2,23,24,6.006639e-1,3.4087956e-1,5.885916e-1,2.9717633e-1
19,1,train,2,24,8,4.5908198e-1,8.113003e-1,4.5509657e-1,8.143151e-1
19,1,train,2,25,24,4.5908198e-1,8.113003e-1,4.47688e-1,8.2128024e-1
19,1,train,2,26,8,8.2177377e-1,5.740839e-1,8.252732e-1,5.609555e-1
19,1,train,2,27,24,8.2177377e-1,5.740839e-1,8.3390677e-1,5.352077e-1
19,1,train,2,28,8,7.3107123e-1,2.8248656e-1,7.222483e-1,2.7529517e-1
19,1,train,2,29,24,7.3107123e-1,2.8248656e-1,7.027688e-1,2.6096964e-1
19,1,train,2,30,8,7.12914e-1,3.9042997e-1,7.0672846e-1,3.7998718e-1
19,1,train,2,31,24,7.12914e-1,3.9042997e-1,6.9317526e-1,3.5843867e-1
19,1,eval,-1,0,24,5.829635e-1,1.8844193e-1,5.6007445e-1,1.7794812e-1
19,1,eval,-1,1,24,7.8950655e-1,5.843929e-1,7.7424467e-1,5.467507e-1
19,1,eval,-1,2,24,6.922263e-1,6.6000426e-1,6.1917436e-1,6.013136e-1
19,1,eval,-1,3,24,4.7183535e-1,3.1214744e-1,4.907645e-1,2.446906e-1
19,1,eval,-1,4,24,2.2973076e-1,3.7501198e-1,2.0262161e-1,3.8202965e-1
19,1,eval,-1,5,24,6.8025863e-1,7.557795e-1,6.367757e-1,7.069898e-1
19,1,eval,-1,6,24,3.3221126e-1,7.5187564e-1,3.212742e-1,7.2863305e-1
19,1,eval,-1,7,24,8.089644e-1,6.0433567e-1,8.1246173e-1,5.646256e-1
19,1,eval,-1,8,24,6.991e-1,5.312687e-1,6.356854e-1,5.394089e-1
19,1,eval,-1,9,24,5.232478e-1,7.652075e-1,5.128034e-1,7.3632187e-1
19,1,eval,-1,10,24,8.298266e-1,3.0815127e-1,8.233939e-1,2.951008e-1
19,1,eval,-1,11,24,5.106567e-1,2.8106838e-1,5.1507425e-1,2.3353449e-1
19,1,eval,-1,12,24,8.034545e-1,1.7693429e-1,7.8180933e-1,1.6844794e-1
19,1,eval,-1,13,24,5.2503645e-1,2.1240056e-1,5.1747906e-1,1.9287822e-1
19,1,eval,-1,14,24,3.2767278e-1,2.089381e-1,3.4729365e-1,1.9874194e-1
19,1,eval,-1,15,24,3.0728108e-1,6.4811003e-1,2.809721e-1,6.0627025e-1
19,1,eval,-1,16,24,1.5319726e-1,4.4818106e-1,1.5048783e-1,4.465229e-1
19,1,eval,-1,17,24,2.6683033e-1,8.4201217e-1,2.645554e-1,8.442987e-1
19,1,eval,-1,18,24,7.2603846e-1,4.695419e-1,6.989214e-1,4.4996276e-1
19,1,eval,-1,19,24,6.9711983e-1,5.224993e-1,6.371231e-1,5.3250164e-1
19,1,eval,-1,20,24,5.4688156e-1,4.0026137e-1,5.6816816e-1,3.6058226e-1
19,1,eval,-1,21,24,1.805907e-1,5.3935504e-1,1.6919988e-1,5.1078767e-1
19,1,eval,-1,22,24,6.346477e-1,4.5976797e-1,6.136665e-1,4.7140566e-1
19,1,eval,-1,23,24,8.0436695e-1,8.04317e-1,8.228173e-1,8.236997e-1
19,1,eval,-1,24,24,3.368733e-1,6.824348e-1,3.1553274e-1,6.4442766e-1
19,1,eval,-1,25,24,1.5694639e-1,6.386229e-1,1.4634389e-1,5.902459e-1
19,1,eval,-1,26,24,2.4489903e-1,2.9643536e-1,2.3492312e-1,3.002701e-1
19,1,eval,-1,27,24,3.358208e-1,8.268722e-1,3.3520368e-1,8.3091134e-1
19,1,eval,-1,28,24,6.4403296e-1,4.3587554e-1,6.251555e-1,4.240586e-1
19,1,eval,-1,29,24,7.092955e-1,3.579206e-1,6.866793e-1,3.2606834e-1
19,1,eval,-1,30,24,4.5857552e-1,6.345767e-1,4.919672e-1,6.0456586e-1
19,1,eval,-1,31,24,1.918765e-1,3.5671943e-1,1.82907e-1,3.7118042e-1
19,1,eval,-1,32,24,7.354269e-1,3.926829e-1,7.193007e-1,3.61919e-1
19,1,eval,-1,33,24,3.6245397e-1,5.714747e-1,3.2304445e-1,5.619501e-1
19,1,eval,-1,34,24,4.066106e-1,3.6026862e-1,4.083989e-1,2.699473e-1
19,1,eval,-1,35,24,3.1477055e-1,3.0812138e-1,2.91652e-1,2.761904e-1
19,1,eval,-1,36,24,4.966031e-1,5.354074e-1,5.4338014e-1,5.5727065e-1
19,1,eval,-1,37,24,4.90427e-1,6.350705e-1,5.3472495e-1,5.990952e-1
19,1,eval,-1,38,24,6.1018676e-1,4.956826e-1,5.947791e-1,5.297322e-1
19,1,eval,-1,39,24,4.7507706e-1,4.0769807e-1,5.270709e-1,3.6421373e-1
19,1,eval,-1,40,24,4.1489843e-1,1.6399679e-1,4.3208945e-1,1.6052276e-1
19,1,eval,-1,41,24,7.946154e-1,4.280878e-1,7.9445493e-1,3.993468e-1
19,1,eval,-1,42,24,3.9871073e-1,5.511771e-1,3.7358376e-1,5.599699e-1
19,1,eval,-1,43,24,8.2003534e-1,4.910474e-1,8.301002e-1,4.5799136e-1
19,1,eval,-1,44,24,5.9054196e-1,7.898017e-1,5.637977e-1,7.742343e-1
19,1,eval,-1,45,24,4.2394093e-1,4.8050094e-1,4.2481327e-1,5.2156395e-1
19,1,eval,-1,46,24,6.4531815e-1,2.3274982e-1,6.127541e-1,2.1355987e-1
19,1,eval,-1,47,24,5.9011555e-1,2.881704e-1,5.727117e-1,2.5151795e-1
19,1,eval,-1,48,24,6.323979e-1,3.617617e-1,6.1471534e-1,3.2220936e-1
19,1,eval,-1,49,24,8.498496e-1,5.539762e-1,8.722844e-1,5.17486e-1
19,1,eval,-1,50,24,2.4829862e-1,8.140358e-1,2.4164799e-1,8.038492e-1
19,1,eval,-1,51,24,2.7400973e-1,5.085068e-1,2.289676e-1,4.967406e-1
19,1,eval,-1,52,24,2.6682994e-1,3.338632e-1,2.3597449e-1,3.2945547e-1
19,1,eval,-1,53,24,4.6949354e-1,7.0396435e-1,4.8329693e-1,6.598608e-1
19,1,eval,-1,54,24,7.7878237e-1,7.297857e-1,7.7746725e-1,7.101987e-1
19,1,eval,-1,55,24,5.327085e-1,5.822309e-1,5.655607e-1,5.7711047e-1
19,1,eval,-1,56,24,2.5006407e-1,2.2875777e-1,2.6356697e-1,2.3582374e-1
19,1,eval,-1,57,24,3.7515664e-1,8.273865e-1,3.731862e-1,8.359175e-1
19,1,eval,-1,58,24,2.5058138e-1,4.4412985e-1,2.0859613e-1,4.4328606e-1
19,1,eval,-1,59,24,7.02013e-1,1.5789863e-1,6.6674984e-1,1.5126538e-1
19,1,eval,-1,60,24,3.3343577e-1,3.2925504e-1,2.9892635e-1,2.85122e-1
19,1,eval,-1,61,24,4.918383e-1,7.587365e-1,4.8439425e-1,7.354297e-1
19,1,eval,-1,62,24,4.440902e-1,6.143532e-1,4.6834013e-1,5.952326e-1
19,1,eval,-1,63,24,3.1101573e-1,3.1427485e-1,2.8376815e-1,2.8460768e-1
41,0,train,0,0,8,4.8930007e-1,2.8561926e-1,4.900151e-1,2.8806332e-1
41,0,train,0,1,24,4.8930007e-1,2.8561926e-1,4.9156183e-1,2.9308814e-1
41,0,train,0,2,8,4.4457695e-1,4.1031882e-1,4.5197156e-1,4.1133943e-1
41,0,train,0,3,24,4.4457695e-1,4.1031882e-1,4.6631983e-1,4.1411677e-1
41,0,train,0,4,8,2.1343511e-1,5.2575064e-1,2.1600766e-1,5.211939e-1
41,0,train,0,5,24,2.1343511e-1,5.2575064e-1,2.215408e-1,5.1260084e-1
41,0,train,0,6,8,2.0814648e-1,1.6987847e-1,2.1268147e-1,1.6856888e-1
41,0,train,0,7,24,2.0814648e-1,1.6987847e-1,2.2251989e-1,1.6587229e-1
41,0,train,0,8,8,5.0978464e-1,3.477553e-1,5.119268e-1,3.5149494e-1
41,0,train,0,9,24,5.0978464e-1,3.477553e-1,5.164392e-1,3.5934618e-1
41,0,train,0,10,8,8.2499444e-1,1.9238995e-1,8.236658e-1,1.9886014e-1
41,0,train,0,11,24,8.2499444e-1,1.9238995e-1,8.20513e-1,2.1424446e-1
41,0,train,0,12,8,4.1086382e-1,3.4346378e-1,4.1754222e-1,3.4383348e-1
41,0,train,0,13,24,4.1086382e-1,3.4346378e-1,4.3023056e-1,3.4494472e-1
41,0,train,0,14,8,3.823172e-1,4.716192e-1,3.9157036e-1,4.7067815e-1
41,0,train,0,15,24,3.823172e-1,4.716192e-1,4.1032553e-1,4.694689e-1
41,0,train,0,16,8,3.1195533e-1,2.7254736e-1,3.1994724e-1,2.7274606e-1
41,0,train,0,17,24,3.1195533e-1,2.7254736e-1,3.3603367e-1,2.7301708e-1
41,0,train,0,18,8,8.0125165e-1,5.760529e-1,7.9716176e-1,5.7388234e-1
41,0,train,0,19,24,8.0125165e-1,5.760529e-1,7.8942037e-1,5.703501e-1
41,0,train,0,20,8,7.054151e-1,4.1943157e-1,7.039014e-1,4.3278602e-1
41,0,train,0,21,24,7.054151e-1,4.1943157e-1,7.022211e-1,4.5674884e-1
41,0,train,0,22,8,7.9509246e-1,5.682169e-1,7.9127514e-1,5.669721e-1
41,0,train,0,23,24,7.9509246e-1,5.682169e-1,7.8404975e-1,5.6500083e-1
41,0,train,0,24,8,2.603469e-1,3.2115322e-1,2.6645985e-1,3.2196456e-1
41,0,train,0,25,24,2.603469e-1,3.2115322e-1,2.7937722e-1,3.233356e-1
41,0,train,0,26,8,7.604995e-1,3.2812762e-1,7.559798e-1,3.4542218e-1
41,0,train,0,27,24,7.604995e-1,3.2812762e-1,7.479973e-1,3.7991893e-1
41,0,train,0,28,8,3.755831e-1,4.0035883e-1,3.835925e-1,3.9993986e-1
41,0,train,0,29,24,3.755831e-1,4.0035883e-1,3.9954275e-1,3.994232e-1
41,0,train,0,30,8,5.947914e-1,1.7647353e-1,5.8456993e-1,1.7955762e-1
41,0,train,0,31,24,5.947914e-1,1.7647353e-1,5.659391e-1,1.8560328e-1
41,0,train,1,0,8,4.444988e-1,1.61876e-1,4.4608974e-1,1.6256514e-1
41,0,train,1,1,24,4.444988e-1,1.61876e-1,4.489076e-1,1.640116e-1
41,0,train,1,2,8,7.0799315e-1,2.3228619e-1,6.9865113e-1,2.4204072e-1
41,0,train,1,3,24,7.0799315e-1,2.3228619e-1,6.801089e-1,2.6306623e-1
41,0,train,1,4,8,3.4900427e-1,1.944248e-1,3.5662037e-1,1.9415753e-1
41,0,train,1,5,24,3.4900427e-1,1.944248e-1,3.711262e-1,1.9379462e-1
41,0,train,1,6,8,8.0068564e-1,4.1959596e-1,7.975481e-1,4.345739e-1
41,0,train,1,7,24,8.0068564e-1,4.1959596e-1,7.913661e-1,4.607722e-1
41,0,train,1,8,8,2.2757238e-1,4.9456072e-1,2.3081385e-1,4.91209e-1
41,0,train,1,9,24,2.2757238e-1,4.9456072e-1,2.3781379e-1,4.8490694e-1
41,0,train,1,10,8,7.620312e-1,7.985796e-1,7.554068e-1,7.899591e-1
41,0,train,1,11,24,7.620312e-1,7.985796e-1,7.4221814e-1,7.7192205e-1
41,0,train,1,12,8,8.455795e-1,2.4690075e-1,8.453247e-1,2.5929275e-1
41,0,train,1,13,24,8.455795e-1,2.4690075e-1,8.441451e-1,2.8758374e-1
41,0,train,1,14,8,8.4151375e-1,6.603042e-1,8.362224e-1,6.5093505e-1
41,0,train,1,15,24,8.4151375e-1,6.603042e-1,8.257399e-1,6.3376975e-1
41,0,train,1,16,8,7.212517e-1,1.6500169e-1,7.115255e-1,1.6843635e-1
41,0,train,1,17,24,7.212517e-1,1.6500169e-1,6.9055814e-1,1.7621043e-1
41,0,train,1,18,8,6.7891085e-1,5.7142365e-1,6.802169e-1,5.714887e-1
41,0,train,1,19,24,6.7891085e-1,5.7142365e-1,6.826169e-1,5.715449e-1
41,0,train,1,20,8,3.054673e-1,2.0020919e-1,3.1356403e-1,1.9977456e-1
41,0,train,1,21,24,3.054673e-1,2.0020919e-1,3.2978415e-1,1.9897586e-1
41,0,train,1,22,8,7.203338e-1,6.997614e-1,7.1607876e-1,6.908702e-1
41,0,train,1,23,24,7.203338e-1,6.997614e-1,7.088248e-1,6.7422736e-1
41,0,train,1,24,8,6.618588e-1,7.706628e-1,6.5749687e-1,7.6335067e-1
41,0,train,1,25,24,6.618588e-1,7.706628e-1,6.5013707e-1,7.4903655e-1
41,0,train,1,26,8,4.7699925e-1,5.807103e-1,4.8862797e-1,5.812971e-1
41,0,train,1,27,24,4.7699925e-1,5.807103e-1,5.107449e-1,5.82826e-1
41,0,train,1,28,8,5.0712216e-1,2.3303032e-1,5.046451e-1,2.355177e-1
41,0,train,1,29,24,5.0712216e-1,2.3303032e-1,5.0051445e-1,2.4037537e-1
41,0,train,1,30,8,5.6465185e-1,5.649369e-1,5.724409e-1,5.6647736e-1
41,0,train,1,31,24,5.6465185e-1,5.649369e-1,5.867867e-1,5.6931853e-1
41,0,train,2,0,8,4.575453e-1,3.4347236e-1,4.622787e-1,3.4500986e-1
41,0,train,2,1,24,4.575453e-1,3.4347236e-1,4.7121426e-1,3.48573e-1
41,0,train,2,2,8,1.8850197e-1,7.9789376e-1,1.9169374e-1,7.9889464e-1
41,0,train,2,3,24,1.8850197e-1,7.9789376e-1,1.9913676e-1,8.011162e-1
41,0,train,2,4,8,4.1981977e-1,1.7236392e-1,4.2350018e-1,1.7276615e-1
41,0,train,2,5,24,4.1981977e-1,1.7236392e-1,4.300674e-1,1.737141e-1
41,0,train,2,6,8,4.6298122e-1,3.9156413e-1,4.691918e-1,3.9326954e-1
41,0,train,2,7,24,4.6298122e-1,3.9156413e-1,4.811681e-1,3.9738774e-1
41,0,train,2,8,8,3.0800942e-1,3.0042663e-1,3.1574318e-1,3.00718e-1
41,0,train,2,9,24,3.0800942e-1,3.0042663e-1,3.3146194e-1,3.01119e-1
41,0,train,2,10,8,5.9194756e-1,7.204076e-1,5.940603e-1,7.159796e-1
41,0,train,2,11,24,5.9194756e-1,7.204076e-1,5.982997e-1,7.071318e-1
41,0,train,2,12,8,7.4386275e-1,2.9776803e-1,7.379965e-1,3.1350595e-1
41,0,train,2,13,24,7.4386275e-1,2.9776803e-1,7.2738826e-1,3.462119e-1
41,0,train,2,14,8,4.663597e-1,8.3882034e-1,4.7592992e-1,8.37169e-1
41,0,train,2,15,24,4.663597e-1,8.3882034e-1,4.928674e-1,8.331145e-1
41,0,train,2,16,8,4.3620402e-1,7.6549375e-1,4.4954765e-1,7.6464707e-1
41,0,train,2,17,24,4.3620402e-1,7.6549375e-1,4.737642e-1,7.62322e-1
41,0,train,2,18,8,6.5639734e-1,4.8163313e-1,6.586e-1,4.891751e-1
41,0,train,2,19,24,6.5639734e-1,4.8163313e-1,6.631403e-1,5.02707e-1
41,0,train,2,20,8,3.772061e-1,2.4335411e-1,3.8415486e-1,2.4346161e-1
41,0,train,2,21,24,3.772061e-1,2.4335411e-1,3.9713824e-1,2.4383283e-1
41,0,train,2,22,8,2.8721076e-1,7.4589574e-1,2.995742e-1,7.4465096e-1
41,0,train,2,23,24,2.8721076e-1,7.4589574e-1,3.2670236e-1,7.424539e-1
41,0,train,2,24,8,6.590128e-1,2.0959029e-1,6.4797425e-1,2.1605718e-1
41,0,train,2,25,24,6.590128e-1,2.0959029e-1,6.266925e-1,2.2932987e-1
41,0,train,2,26,8,6.1866975e-1,2.0655937e-1,6.0814124e-1,2.1168865e-1
41,0,train,2,27,24,6.1866975e-1,2.0655937e-1,5.887381e-1,2.2179271e-1
41,0,train,2,28,8,6.3211167e-1,7.7434146e-1,6.293178e-1,7.680069e-1
41,0,train,2,29,24,6.3211167e-1,7.7434146e-1,6.248965e-1,7.5559e-1
41,0,train,2,30,8,1.9676776e-1,4.2885125e-1,1.9857265e-1,4.2817473e-1
41,0,train,2,31,24,1.9676776e-1,4.2885125e-1,2.0247474e-1,4.268565e-1
41,0,eval,-1,0,24,2.7437037e-1,3.8244075e-1,2.9280105e-1,3.820903e-1
41,0,eval,-1,1,24,3.185725e-1,3.5059428e-1,3.4132892e-1,3.5038936e-1
41,0,eval,-1,2,24,1.557105e-1,5.530671e-1,1.5343028e-1,5.3675336e-1
41,0,eval,-1,3,24,6.8194544e-1,5.4669034e-1,6.859315e-1,5.5273455e-1
41,0,eval,-1,4,24,4.8086542e-1,6.499933e-1,5.144225e-1,6.4868265e-1
41,0,eval,-1,5,24,6.948074e-1,8.2509184e-1,6.753893e-1,8.040152e-1
41,0,eval,-1,6,24,2.939101e-1,5.252331e-1,3.166362e-1,5.15332e-1
41,0,eval,-1,7,24,4.0725753e-1,1.8366805e-1,4.2044365e-1,1.8466027e-1
41,0,eval,-1,8,24,5.592308e-1,8.1536853e-1,5.6438947e-1,8.029452e-1
41,0,eval,-1,9,24,4.848235e-1,6.774217e-1,5.1692104e-1,6.746937e-1
41,0,eval,-1,10,24,2.0151012e-1,4.8340124e-1,2.0722419e-1,4.7496086e-1
41,0,eval,-1,11,24,8.4674215e-1,5.118768e-1,8.3294064e-1,5.250752e-1
41,0,eval,-1,12,24,7.497238e-1,5.0541705e-1,7.4489117e-1,5.2227175e-1
41,0,eval,-1,13,24,6.4803356e-1,5.341828e-1,6.573393e-1,5.4353845e-1
41,0,eval,-1,14,24,7.4540997e-1,4.2461726e-1,7.3937535e-1,4.6340528e-1
41,0,eval,-1,15,24,2.5182924e-1,5.8662844e-1,2.7063394e-1,5.7099015e-1
41,0,eval,-1,16,24,7.269802e-1,5.48532e-1,7.2445565e-1,5.530492e-1
41,0,eval,-1,17,24,4.5876083e-1,7.4303365e-1,4.9304903e-1,7.391635e-1
41,0,eval,-1,18,24,1.8619727e-1,2.1682522e-1,1.9626309e-1,2.1706158e-1
41,0,eval,-1,19,24,8.185332e-1,8.4165096e-1,8.031856e-1,8.218191e-1
41,0,eval,-1,20,24,4.1017237e-1,6.111251e-1,4.4974077e-1,6.094039e-1
41,0,eval,-1,21,24,8.484726e-1,8.231752e-1,8.3625656e-1,8.009213e-1
41,0,eval,-1,22,24,6.071534e-1,2.9699478e-1,5.9173715e-1,3.2267892e-1
41,0,eval,-1,23,24,7.694609e-1,5.5211675e-1,7.615482e-1,5.544569e-1
41,0,eval,-1,24,24,6.961814e-1,3.0653518e-1,6.785612e-1,3.4933946e-1
41,0,eval,-1,25,24,1.8277621e-1,2.3684007e-1,1.918507e-1,2.3879382e-1
41,0,eval,-1,26,24,2.7418885e-1,6.684363e-1,3.0540544e-1,6.564818e-1
41,0,eval,-1,27,24,5.5963606e-1,3.5801014e-1,5.611809e-1,3.7792116e-1
41,0,eval,-1,28,24,5.684807e-1,4.719744e-1,5.858906e-1,4.8790583e-1
41,0,eval,-1,29,24,4.5198062e-1,2.1927416e-1,4.5717227e-1,2.2251646e-1
41,0,eval,-1,30,24,4.990875e-1,5.8033574e-1,5.303877e-1,5.829876e-1
41,0,eval,-1,31,24,4.0215835e-1,6.3990474e-1,4.4359574e-1,6.37551e-1
41,0,eval,-1,32,24,2.593071e-1,5.2561754e-1,2.760792e-1,5.1388186e-1
41,0,eval,-1,33,24,4.97943e-1,8.4627044e-1,5.162915e-1,8.3817977e-1
41,0,eval,-1,34,24,2.0771849e-1,5.55783e-1,2.1537751e-1,5.397185e-1
41,0,eval,-1,35,24,1.8384127e-1,2.0876028e-1,1.935314e-1,2.0830116e-1
41,0,eval,-1,36,24,3.1060833e-1,8.3089685e-1,3.526314e-1,8.362293e-1
41,0,eval,-1,37,24,4.4794598e-1,5.349635e-1,4.8121506e-1,5.3715354e-1
41,0,eval,-1,38,24,6.823361e-1,7.157202e-1,6.73484e-1,6.9287956e-1
41,0,eval,-1,39,24,6.6923225e-1,2.2765347e-1,6.38878e-1,2.5259602e-1
41,0,eval,-1,40,24,4.5828262e-1,5.713575e-1,4.9325845e-1,5.731121e-1
41,0,eval,-1,41,24,5.434749e-1,7.501706e-1,5.5794907e-1,7.402606e-1
41,0,eval,-1,42,24,2.3929363e-1,3.494e-1,2.5430503e-1,3.5183725e-1
41,0,eval,-1,43,24,6.9179094e-1,6.1297905e-1,6.912346e-1,6.030766e-1
41,0,eval,-1,44,24,7.836777e-1,3.2372016e-1,7.723822e-1,3.7682927e-1
41,0,eval,-1,45,24,7.914344e-1,8.1042373e-1,7.7291787e-1,7.8483874e-1
41,0,eval,-1,46,24,3.919078e-1,3.1117204e-1,4.118385e-1,3.1200463e-1
41,0,eval,-1,47,24,5.903981e-1,3.664398e-1,5.8990836e-1,3.91976e-1
41,0,eval,-1,48,24,4.8873994e-1,8.099606e-1,5.120217e-1,8.028881e-1
41,0,eval,-1,49,24,6.1054057e-1,5.230478e-1,6.25419e-1,5.342221e-1
41,0,eval,-1,50,24,5.943798e-1,4.7685754e-1,6.0902876e-1,4.9454844e-1
41,0,eval,-1,51,24,6.850946e-1,3.3877987e-1,6.728396e-1,3.813225e-1
41,0,eval,-1,52,24,8.2456255e-1,2.3754355e-1,8.1884664e-1,2.7618206e-1
41,0,eval,-1,53,24,8.1617427e-1,1.7480406e-1,8.095032e-1,1.8972407e-1
41,0,eval,-1,54,24,2.4735992e-1,1.6581349e-1,2.6759318e-1,1.6201091e-1
41,0,eval,-1,55,24,5.448401e-1,5.33761e-1,5.6928736e-1,5.4149944e-1
41,0,eval,-1,56,24,4.741077e-1,1.84313e-1,4.7232726e-1,1.8801045e-1
41,0,eval,-1,57,24,6.504152e-1,4.2924464e-1,6.535568e-1,4.594754e-1
41,0,eval,-1,58,24,4.2897943e-1,5.853913e-1,4.6636617e-1,5.851753e-1
41,0,eval,-1,59,24,7.235707e-1,6.5135884e-1,7.15898e-1,6.3169974e-1
41,0,eval,-1,60,24,6.1329794e-1,8.426821e-1,6.04392e-1,8.2702696e-1
41,0,eval,-1,61,24,6.652069e-1,1.649068e-1,6.299312e-1,1.7484784e-1
41,0,eval,-1,62,24,4.3600258e-1,6.042037e-1,4.740106e-1,6.0396504e-1
41,0,eval,-1,63,24,6.2142575e-1,6.1093724e-1,6.3236564e-1,6.0634315e-1
41,1,train,0,0,8,4.8930007e-1,2.8561926e-1,5.0037163e-1,2.7444223e-1
41,1,train,0,1,24,4.8930007e-1,2.8561926e-1,5.1453036e-1,2.5929043e-1
41,1,train,0,2,8,4.4457695e-1,4.1031882e-1,4.7744414e-1,4.2088735e-1
41,1,train,0,3,24,4.4457695e-1,4.1031882e-1,5.4564846e-1,4.6364447e-1
41,1,train,0,4,8,2.1343511e-1,5.2575064e-1,2.1185553e-1,5.238369e-1
41,1,train,0,5,24,2.1343511e-1,5.2575064e-1,2.0838197e-1,5.1998776e-1
41,1,train,0,6,8,2.0814648e-1,1.6987847e-1,2.1229413e-1,1.6810402e-1
41,1,train,0,7,24,2.0814648e-1,1.6987847e-1,2.2126031e-1,1.6435519e-1
41,1,train,0,8,8,5.0978464e-1,3.477553e-1,5.317283e-1,3.4459585e-1
41,1,train,0,9,24,5.0978464e-1,3.477553e-1,5.6320477e-1,3.4870997e-1
41,1,train,0,10,8,8.2499444e-1,1.9238995e-1,8.2366586e-1,1.9886044e-1
41,1,train,0,11,24,8.2499444e-1,1.9238995e-1,8.2051295e-1,2.1424599e-1
41,1,train,0,12,8,4.1086382e-1,3.4346378e-1,4.2343646e-1,3.1947145e-1
41,1,train,0,13,24,4.1086382e-1,3.4346378e-1,4.4925475e-1,2.739409e-1
41,1,train,0,14,8,3.823172e-1,4.716192e-1,3.9012527e-1,4.983233e-1
41,1,train,0,15,24,3.823172e-1,4.716192e-1,4.2679256e-1,5.479845e-1
41,1,train,0,16,8,3.1195533e-1,2.7254736e-1,3.1106946e-1,2.5932604e-1
41,1,train,0,17,24,3.1195533e-1,2.7254736e-1,3.1428075e-1,2.3711818e-1
41,1,train,0,18,8,8.0125165e-1,5.760529e-1,7.883982e-1,5.74994e-1
41,1,train,0,19,24,8.0125165e-1,5.760529e-1,7.560588e-1,5.751793e-1
41,1,train,0,20,8,7.054151e-1,4.1943157e-1,7.00137e-1,4.3986303e-1
41,1,train,0,21,24,7.054151e-1,4.1943157e-1,6.844264e-1,4.8543254e-1
41,1,train,0,22,8,7.9509246e-1,5.682169e-1,7.8165734e-1,5.6858045e-1
41,1,train,0,23,24,7.9509246e-1,5.682169e-1,7.474433e-1,5.715529e-1
41,1,train,0,24,8,2.603469e-1,3.2115322e-1,2.5311804e-1,3.1454882e-1
41,1,train,0,25,24,2.603469e-1,3.2115322e-1,2.4279289e-1,3.0376634e-1
41,1,train,0,26,8,7.604995e-1,3.2812762e-1,7.55796e-1,3.4580645e-1
41,1,train,0,27,24,7.604995e-1,3.2812762e-1,7.467981e-1,3.8211668e-1
41,1,train,0,28,8,3.755831e-1,4.0035883e-1,3.7155524e-1,4.0041944e-1
41,1,train,0,29,24,3.755831e-1,4.0035883e-1,3.560341e-1,4.002027e-1
41,1,train,0,30,8,5.947914e-1,1.7647353e-1,5.8503515e-1,1.7898922e-1
41,1,train,0,31,24,5.947914e-1,1.7647353e-1,5.675712e-1,1.8330346e-1
41,1,train,1,0,8,4.444988e-1,1.61876e-1,4.4662252e-1,1.5953243e-1
41,1,train,1,1,24,4.444988e-1,1.61876e-1,4.502143e-1,1.5547001e-1
41,1,train,1,2,8,7.0799315e-1,2.3228619e-1,6.9874483e-1,2.4201481e-1
41,1,train,1,3,24,7.0799315e-1,2.3228619e-1,6.8061256e-1,2.6295552e-1
41,1,train,1,4,8,3.4900427e-1,1.944248e-1,3.5522357e-1,1.8806599e-1
41,1,train,1,5,24,3.4900427e-1,1.944248e-1,3.6782244e-1,1.7700092e-1
41,1,train,1,6,8,8.0068564e-1,4.1959596e-1,7.9617643e-1,4.3573081e-1
41,1,train,1,7,24,8.0068564e-1,4.1959596e-1,7.850259e-1,4.653543e-1
41,1,train,1,8,8,2.2757238e-1,4.9456072e-1,2.2310513e-1,4.9520943e-1
41,1,train,1,9,24,2.2757238e-1,4.9456072e-1,2.1502534e-1,4.953727e-1
41,1,train,1,10,8,7.620312e-1,7.985796e-1,7.537316e-1,7.87879e-1
41,1,train,1,11,24,7.620312e-1,7.985796e-1,7.347089e-1,7.623992e-1
41,1,train,1,12,8,8.455795e-1,2.4690075e-1,8.453231e-1,2.5929523e-1
41,1,train,1,13,24,8.455795e-1,2.4690075e-1,8.4413517e-1,2.8759864e-1
41,1,train,1,14,8,8.4151375e-1,6.603042e-1,8.3322746e-1,6.502576e-1
41,1,train,1,15,24,8.4151375e-1,6.603042e-1,8.1376684e-1,6.3170296e-1
41,1,train,1,16,8,7.212517e-1,1.6500169e-1,7.115368e-1,1.6842838e-1
41,1,train,1,17,24,7.212517e-1,1.6500169e-1,6.906173e-1,1.7616653e-1
41,1,train,1,18,8,6.7891085e-1,5.7142365e-1,6.5693945e-1,5.8007884e-1
41,1,train,1,19,24,6.7891085e-1,5.7142365e-1,6.286927e-1,5.915592e-1
41,1,train,1,20,8,3.054673e-1,2.0020919e-1,3.114007e-1,1.9499408e-1
41,1,train,1,21,24,3.054673e-1,2.0020919e-1,3.240369e-1,1.8500635e-1
41,1,train,1,22,8,7.203338e-1,6.997614e-1,7.0090365e-1,6.787156e-1
41,1,train,1,23,24,7.203338e-1,6.997614e-1,6.5668267e-1,6.3665885e-1
41,1,train,1,24,8,6.618588e-1,7.706628e-1,6.531205e-1,7.502531e-1
41,1,train,1,25,24,6.618588e-1,7.706628e-1,6.3475865e-1,6.958804e-1
41,1,train,1,26,8,4.7699925e-1,5.807103e-1,5.170279e-1,5.9086996e-1
41,1,train,1,27,24,4.7699925e-1,5.807103e-1,5.77287e-1,5.993124e-1
41,1,train,1,28,8,5.0712216e-1,2.3303032e-1,5.0878555e-1,2.286163e-1
41,1,train,1,29,24,5.0712216e-1,2.3303032e-1,5.1033634e-1,2.2122225e-1
41,1,train,1,30,8,5.6465185e-1,5.649369e-1,5.850198e-1,5.8024025e-1
41,1,train,1,31,24,5.6465185e-1,5.649369e-1,6.031606e-1,5.9396905e-1
41,1,train,2,0,8,4.575453e-1,3.4347236e-1,4.812515e-1,3.2778153e-1
41,1,train,2,1,24,4.575453e-1,3.4347236e-1,5.178066e-1,3.0658826e-1
41,1,train,2,2,8,1.8850197e-1,7.9789376e-1,1.9169396e-1,7.988952e-1
41,1,train,2,3,24,1.8850197e-1,7.9789376e-1,1.9913775e-1,8.011177e-1
41,1,train,2,4,8,4.1981977e-1,1.7236392e-1,4.2386127e-1,1.6851139e-1
41,1,train,2,5,24,4.1981977e-1,1.7236392e-1,4.3096656e-1,1.6206977e-1
41,1,train,2,6,8,4.6298122e-1,3.9156413e-1,4.9652565e-1,3.9427444e-1
41,1,train,2,7,24,4.6298122e-1,3.9156413e-1,5.547521e-1,4.1728076e-1
41,1,train,2,8,8,3.0800942e-1,3.0042663e-1,3.0244225e-1,2.8586242e-1
41,1,train,2,9,24,3.0800942e-1,3.0042663e-1,2.9814932e-1,2.6160827e-1
41,1,train,2,10,8,5.9194756e-1,7.204076e-1,5.959932e-1,6.903164e-1
41,1,train,2,11,24,5.9194756e-1,7.204076e-1,6.0355496e-1,6.3782734e-1
41,1,train,2,12,8,7.4386275e-1,2.9776803e-1,7.379748e-1,3.1369504e-1
41,1,train,2,13,24,7.4386275e-1,2.9776803e-1,7.271487e-1,3.4743103e-1
41,1,train,2,14,8,4.663597e-1,8.3882034e-1,4.7662604e-1,8.3585364e-1
41,1,train,2,15,24,4.663597e-1,8.3882034e-1,4.9527687e-1,8.2801455e-1
41,1,train,2,16,8,4.3620402e-1,7.6549375e-1,4.5280495e-1,7.6116896e-1
41,1,train,2,17,24,4.3620402e-1,7.6549375e-1,4.8658866e-1,7.463723e-1
41,1,train,2,18,8,6.5639734e-1,4.8163313e-1,6.491254e-1,5.107634e-1
41,1,train,2,19,24,6.5639734e-1,4.8163313e-1,6.311998e-1,5.607508e-1
41,1,train,2,20,8,3.772061e-1,2.4335411e-1,3.8228405e-1,2.28501e-1
41,1,train,2,21,24,3.772061e-1,2.4335411e-1,3.935153e-1,2.0615816e-1
41,1,train,2,22,8,2.8721076e-1,7.4589574e-1,2.9968622e-1,7.44646e-1
41,1,train,2,23,24,2.8721076e-1,7.4589574e-1,3.2732296e-1,7.4234176e-1
41,1,train,2,24,8,6.590128e-1,2.0959029e-1,6.482431e-1,2.1586803e-1
41,1,train,2,25,24,6.590128e-1,2.0959029e-1,6.279376e-1,2.2840042e-1
41,1,train,2,26,8,6.1866975e-1,2.0655937e-1,6.0878533e-1,2.111046e-1
41,1,train,2,27,24,6.1866975e-1,2.0655937e-1,5.9121865e-1,2.1929722e-1
41,1,train,2,28,8,6.3211167e-1,7.7434146e-1,6.270283e-1,7.535028e-1
41,1,train,2,29,24,6.3211167e-1,7.7434146e-1,6.1816204e-1,6.979323e-1
41,1,train,2,30,8,1.9676776e-1,4.2885125e-1,1.9135287e-1,4.291743e-1
41,1,train,2,31,24,1.9676776e-1,4.2885125e-1,1.8186483e-1,4.2956987e-1
41,1,eval,-1,0,24,2.7437037e-1,3.8244075e-1,2.3388085e-1,3.7528324e-1
41,1,eval,-1,1,24,3.185725e-1,3.5059428e-1,2.8170174e-1,3.1234166e-1
41,1,eval,-1,2,24,1.557105e-1,5.530671e-1,1.5092486e-1,5.380578e-1
41,1,eval,-1,3,24,6.8194544e-1,5.4669034e-1,6.3186324e-1,5.8462995e-1
41,1,eval,-1,4,24,4.8086542e-1,6.499933e-1,5.7339025e-1,6.193637e-1
41,1,eval,-1,5,24,6.948074e-1,8.2509184e-1,6.7036897e-1,7.894371e-1
41,1,eval,-1,6,24,2.939101e-1,5.252331e-1,2.916136e-1,5.451528e-1
41,1,eval,-1,7,24,4.0725753e-1,1.8366805e-1,4.2099607e-1,1.6969696e-1
41,1,eval,-1,8,24,5.592308e-1,8.1536853e-1,5.6913763e-1,7.787172e-1
41,1,eval,-1,9,24,4.848235e-1,6.774217e-1,5.701535e-1,6.309372e-1
41,1,eval,-1,10,24,2.0151012e-1,4.8340124e-1,1.9066781e-1,4.8076668e-1
41,1,eval,-1,11,24,8.4674215e-1,5.118768e-1,8.255508e-1,5.273242e-1
41,1,eval,-1,12,24,7.497238e-1,5.0541705e-1,6.9842625e-1,5.470788e-1
41,1,eval,-1,13,24,6.4803356e-1,5.341828e-1,6.217233e-1,5.8396614e-1
41,1,eval,-1,14,24,7.4540997e-1,4.2461726e-1,7.2336155e-1,4.796793e-1
41,1,eval,-1,15,24,2.5182924e-1,5.8662844e-1,2.629713e-1,5.803962e-1
41,1,eval,-1,16,24,7.269802e-1,5.48532e-1,6.5885764e-1,5.782278e-1
41,1,eval,-1,17,24,4.5876083e-1,7.4303365e-1,5.18853e-1,7.068832e-1
41,1,eval,-1,18,24,1.8619727e-1,2.1682522e-1,1.9353041e-1,2.1478435e-1
41,1,eval,-1,19,24,8.185332e-1,8.4165096e-1,8.0238235e-1,8.209154e-1
41,1,eval,-1,20,24,4.1017237e-1,6.111251e-1,5.073031e-1,6.176123e-1
41,1,eval,-1,21,24,8.484726e-1,8.231752e-1,8.356021e-1,8.0033624e-1
41,1,eval,-1,22,24,6.071534e-1,2.9699478e-1,6.0415953e-1,3.2000124e-1
41,1,eval,-1,23,24,7.694609e-1,5.5211675e-1,7.101823e-1,5.6857485e-1
41,1,eval,-1,24,24,6.961814e-1,3.0653518e-1,6.797211e-1,3.519142e-1
41,1,eval,-1,25,24,1.8277621e-1,2.3684007e-1,1.8798958e-1,2.3601735e-1
41,1,eval,-1,26,24,2.7418885e-1,6.684363e-1,3.0538848e-1,6.5890735e-1
41,1,eval,-1,27,24,5.5963606e-1,3.5801014e-1,5.950577e-1,3.8861996e-1
41,1,eval,-1,28,24,5.684807e-1,4.719744e-1,6.0569006e-1,5.621141e-1
41,1,eval,-1,29,24,4.5198062e-1,2.1927416e-1,4.6275598e-1,1.986426e-1
41,1,eval,-1,30,24,4.990875e-1,5.8033574e-1,5.865411e-1,5.984524e-1
41,1,eval,-1,31,24,4.0215835e-1,6.3990474e-1,4.8918697e-1,6.352584e-1
41,1,eval,-1,32,24,2.593071e-1,5.2561754e-1,2.5349498e-1,5.317914e-1
41,1,eval,-1,33,24,4.97943e-1,8.4627044e-1,5.1856357e-1,8.319116e-1
41,1,eval,-1,34,24,2.0771849e-1,5.55783e-1,2.0756789e-1,5.450454e-1
41,1,eval,-1,35,24,1.8384127e-1,2.0876028e-1,1.9137715e-1,2.0644222e-1
41,1,eval,-1,36,24,3.1060833e-1,8.3089685e-1,3.528046e-1,8.360785e-1
41,1,eval,-1,37,24,4.4794598e-1,5.349635e-1,5.581654e-1,5.865167e-1
41,1,eval,-1,38,24,6.823361e-1,7.157202e-1,6.349347e-1,6.393436e-1
41,1,eval,-1,39,24,6.6923225e-1,2.2765347e-1,6.4031225e-1,2.5181708e-1
41,1,eval,-1,40,24,4.5828262e-1,5.713575e-1,5.663732e-1,5.975614e-1
41,1,eval,-1,41,24,5.434749e-1,7.501706e-1,5.7972765e-1,6.7537725e-1
41,1,eval,-1,42,24,2.3929363e-1,3.494e-1,2.1777335e-1,3.4196016e-1
41,1,eval,-1,43,24,6.9179094e-1,6.1297905e-1,6.319725e-1,6.009693e-1
41,1,eval,-1,44,24,7.836777e-1,3.2372016e-1,7.715434e-1,3.7805328e-1
41,1,eval,-1,45,24,7.914344e-1,8.1042373e-1,7.6940686e-1,7.8092706e-1
41,1,eval,-1,46,24,3.919078e-1,3.1117204e-1,4.102114e-1,2.4367467e-1
41,1,eval,-1,47,24,5.903981e-1,3.664398e-1,6.129723e-1,4.118894e-1
41,1,eval,-1,48,24,4.8873994e-1,8.099606e-1,5.1849186e-1,7.8842854e-1
41,1,eval,-1,49,24,6.1054057e-1,5.230478e-1,6.1332774e-1,5.8284545e-1
41,1,eval,-1,50,24,5.943798e-1,4.7685754e-1,6.12104e-1,5.6440395e-1
41,1,eval,-1,51,24,6.850946e-1,3.3877987e-1,6.737501e-1,3.8887668e-1
41,1,eval,-1,52,24,8.2456255e-1,2.3754355e-1,8.1883675e-1,2.762011e-1
41,1,eval,-1,53,24,8.1617427e-1,1.7480406e-1,8.095037e-1,1.8972446e-1
41,1,eval,-1,54,24,2.4735992e-1,1.6581349e-1,2.656433e-1,1.588843e-1
41,1,eval,-1,55,24,5.448401e-1,5.33761e-1,5.9939086e-1,5.8702475e-1
41,1,eval,-1,56,24,4.741077e-1,1.84313e-1,4.7550306e-1,1.7630704e-1
41,1,eval,-1,57,24,6.504152e-1,4.2924464e-1,6.4115965e-1,5.1261747e-1
41,1,eval,-1,58,24,4.2897943e-1,5.853913e-1,5.3743804e-1,6.041228e-1
41,1,eval,-1,59,24,7.235707e-1,6.5135884e-1,6.5082973e-1,6.131042e-1
41,1,eval,-1,60,24,6.1329794e-1,8.426821e-1,6.043575e-1,8.1332654e-1
41,1,eval,-1,61,24,6.652069e-1,1.649068e-1,6.302558e-1,1.7452155e-1
41,1,eval,-1,62,24,4.3600258e-1,6.042037e-1,5.4434377e-1,6.1009973e-1
41,1,eval,-1,63,24,6.2142575e-1,6.1093724e-1,6.128844e-1,6.0173154e-1
