seed,rich,fresh,omega,adaptive,window,k_before,k_after,incoming_rms,train_after,eval_before,eval_after,requests,denied,repeated_cross_window
7,0,0,0.0,0,0,9,9,2.4864633260763363e-2,1.9400119787789182e-5,3.3411829223506447e-2,2.4947576016033903e-5,0,0,0
7,0,0,0.0,0,1,9,9,1.9400119787789182e-5,1.0399366559013895e-6,2.4947576016033903e-5,1.2111448150180606e-6,0,0,0
7,0,0,0.0,0,2,9,9,1.0399366559013895e-6,1.5706172758246095e-4,1.2111448150180606e-6,1.982564815796869e-4,0,0,0
7,0,0,0.0,1,0,9,11,2.4864633260763363e-2,1.3337369159307614e-3,3.3411829223506447e-2,2.4047766278092525e-3,2,0,0
7,0,0,0.0,1,1,11,13,1.3337369159307614e-3,8.343221356022447e-5,2.4047766278092525e-3,1.414578513201344e-4,2,0,0
7,0,0,0.0,1,2,13,18,8.343221356022447e-5,2.09149447456367e-3,1.414578513201344e-4,2.4877314587282325e-3,5,0,0
7,0,0,0.3,0,0,9,9,3.848251325020754e-2,2.121174189705585e-2,5.0168926821327495e-2,4.407667489543542e-2,0,0,0
7,0,0,0.3,0,1,9,9,2.121174189705585e-2,2.1211732919312706e-2,4.407667489543542e-2,4.40766479106011e-2,0,0,0
7,0,0,0.3,0,2,9,9,2.1211732919312706e-2,2.1211762539786353e-2,4.40766479106011e-2,4.408122794973826e-2,0,0,0
7,0,0,0.3,1,0,9,25,3.848251325020754e-2,4.270554241054861e-3,5.0168926821327495e-2,6.666282769040856e-2,20,4,0
7,0,0,0.3,1,1,25,25,4.270554241054861e-3,4.263893870008062e-3,6.666282769040856e-2,6.723576641764985e-2,28,28,14
7,0,0,0.3,1,2,25,25,4.263893870008062e-3,4.096657297388545e-3,6.723576641764985e-2,6.772427051504604e-2,30,30,29
7,0,1,0.0,0,0,9,9,2.4864633260763363e-2,1.9400119787789182e-5,3.3411829223506447e-2,2.4947576016033903e-5,0,0,0
7,0,1,0.0,0,1,9,9,1.4908262698928125e-5,6.102151162219967e-6,2.4947576016033903e-5,7.974390252986683e-6,0,0,0
7,0,1,0.0,0,2,9,9,6.094527678850112e-6,1.0655855429379898e-5,7.974390252986683e-6,1.3276043774904116e-5,0,0,0
7,0,1,0.0,1,0,9,11,2.4864633260763363e-2,1.3337369159307614e-3,3.3411829223506447e-2,2.4047766278092525e-3,2,0,0
7,0,1,0.0,1,1,11,11,3.985176030746876e-4,3.650689458339974e-7,2.4047766278092525e-3,1.2862451538181951e-6,0,0,0
7,0,1,0.0,1,2,11,18,6.828976361752888e-7,1.3927928324937002e-6,1.2862451538181951e-6,8.267587335077592e-6,7,0,0
7,0,1,0.3,0,0,9,9,3.848251325020754e-2,2.121174189705585e-2,5.0168926821327495e-2,4.407667489543542e-2,0,0,0
7,0,1,0.3,0,1,9,9,2.659078708047158e-2,2.1098317924673975e-2,4.407667489543542e-2,5.43640549636019e-2,0,0,0
7,0,1,0.3,0,2,9,9,3.054817873432822e-2,2.2256874225473164e-2,5.43640549636019e-2,5.017960652936338e-2,0,0,0
7,0,1,0.3,1,0,9,25,3.848251325020754e-2,4.270554241054861e-3,5.0168926821327495e-2,6.666282769040856e-2,20,4,0
7,0,1,0.3,1,1,25,25,5.650959106344746e-2,7.153423144787626e-3,6.666282769040856e-2,9.907419301308035e-2,30,30,24
7,0,1,0.3,1,2,25,25,7.681188753080638e-2,1.5015331496198336e-2,9.907419301308035e-2,9.955947009265055e-2,30,30,1
7,1,0,0.0,0,0,9,9,4.159029642307769e-2,2.7693609491378945e-2,5.230819401543326e-2,4.454195153246172e-2,0,0,0
7,1,0,0.0,0,1,9,9,2.7693609491378945e-2,2.769360643658475e-2,4.454195153246172e-2,4.454194003481709e-2,0,0,0
7,1,0,0.0,0,2,9,9,2.769360643658475e-2,2.7693596886725878e-2,4.454194003481709e-2,4.4541879836947164e-2,0,0,0
7,1,0,0.0,1,0,9,14,4.159029642307769e-2,2.9190615068262354e-6,5.230819401543326e-2,7.304735507861767e-6,5,0,0
7,1,0,0.0,1,1,14,18,2.9190615068262354e-6,3.3508473718600474e-6,7.304735507861767e-6,1.086220072401067e-5,4,0,0
7,1,0,0.0,1,2,18,24,3.3508473718600474e-6,1.5633087416320274e-5,1.086220072401067e-5,1.1934873944836942e-4,6,0,0
7,1,0,0.3,0,0,9,9,5.294753285356221e-2,3.9128955942449826e-2,6.694828185381835e-2,6.329384772550564e-2,0,0,0
7,1,0,0.3,0,1,9,9,3.9128955942449826e-2,3.912895576860195e-2,6.329384772550564e-2,6.329383936622428e-2,0,0,0
7,1,0,0.3,0,2,9,9,3.912895576860195e-2,3.912896661808716e-2,6.329383936622428e-2,6.329386142252756e-2,0,0,0
7,1,0,0.3,1,0,9,25,5.294753285356221e-2,5.7709137632840826e-3,6.694828185381835e-2,6.494267484086276e-2,18,2,0
7,1,0,0.3,1,1,25,25,5.7709137632840826e-3,5.636643080523567e-3,6.494267484086276e-2,6.627595696764088e-2,5,5,0
7,1,0,0.3,1,2,25,25,5.636643080523567e-3,5.647515400720224e-3,6.627595696764088e-2,6.62658780637505e-2,17,17,10
7,1,1,0.0,0,0,9,9,4.159029642307769e-2,2.7693609491378945e-2,5.230819401543326e-2,4.454195153246172e-2,0,0,0
7,1,1,0.0,0,1,9,9,2.8953906800474178e-2,2.4197098638623734e-2,4.454195153246172e-2,4.9334666314202226e-2,0,0,0
7,1,1,0.0,0,2,9,9,2.836723364403688e-2,2.2840385228740802e-2,4.9334666314202226e-2,4.302799868269556e-2,0,0,0
7,1,1,0.0,1,0,9,14,4.159029642307769e-2,2.9190615068262354e-6,5.230819401543326e-2,7.304735507861767e-6,5,0,0
7,1,1,0.0,1,1,14,18,4.792638452855395e-6,4.319164452320039e-6,7.304735507861767e-6,2.8547036283642076e-5,4,0,0
7,1,1,0.0,1,2,18,25,1.4859159421023574e-5,9.60009116901796e-6,2.8547036283642076e-5,1.1193880549501213e-4,8,1,0
7,1,1,0.3,0,0,9,9,5.294753285356221e-2,3.9128955942449826e-2,6.694828185381835e-2,6.329384772550564e-2,0,0,0
7,1,1,0.3,0,1,9,9,4.0044338895610224e-2,3.2385644603141146e-2,6.329384772550564e-2,7.388323601658685e-2,0,0,0
7,1,1,0.3,0,2,9,9,3.9099188293623605e-2,3.064791284098054e-2,7.388323601658685e-2,7.810896092067345e-2,0,0,0
7,1,1,0.3,1,0,9,25,5.294753285356221e-2,5.7709137632840826e-3,6.694828185381835e-2,6.494267484086276e-2,18,2,0
7,1,1,0.3,1,1,25,25,4.607688162953518e-2,8.346627539946328e-3,6.494267484086276e-2,1.3245124578822498e-1,30,30,28
7,1,1,0.3,1,2,25,25,1.1694527872248703e-1,1.4567121418736883e-2,1.3245124578822498e-1,1.1174703604789953e-1,30,30,7
19,0,0,0.0,0,0,9,9,2.7774766744378884e-2,2.9083520538034786e-7,3.797483693295486e-2,5.585389252556755e-7,0,0,0
19,0,0,0.0,0,1,9,9,2.9083520538034786e-7,8.506606080629087e-4,5.585389252556755e-7,1.0994069310000243e-3,0,0,0
19,0,0,0.0,0,2,9,9,8.506606080629087e-4,4.4044197392680875e-5,1.0994069310000243e-3,5.8129190838524107e-5,0,0,0
19,0,0,0.0,1,0,9,9,2.7774766744378884e-2,2.9083520538034786e-7,3.797483693295486e-2,5.585389252556755e-7,0,0,0
19,0,0,0.0,1,1,9,15,2.9083520538034786e-7,2.4323036287584046e-7,5.585389252556755e-7,5.39807290244102e-7,6,0,0
19,0,0,0.0,1,2,15,25,2.4323036287584046e-7,3.3912696894336263e-6,5.39807290244102e-7,3.5371232908985844e-5,10,0,0
19,0,0,0.3,0,0,9,9,4.037959834280312e-2,2.4099561375049983e-2,5.790735577115379e-2,5.7003864675187234e-2,0,0,0
19,0,0,0.3,0,1,9,9,2.4099561375049983e-2,2.4099566261971645e-2,5.7003864675187234e-2,5.700358858668855e-2,0,0,0
19,0,0,0.3,0,2,9,9,2.4099566261971645e-2,2.4099524463525417e-2,5.700358858668855e-2,5.7003604076334514e-2,0,0,0
19,0,0,0.3,1,0,9,25,4.037959834280312e-2,6.743757314617695e-3,5.790735577115379e-2,9.009822144108476e-2,20,4,0
19,0,0,0.3,1,1,25,25,6.743757314617695e-3,6.654637972901794e-3,9.009822144108476e-2,8.852958878118429e-2,30,30,18
19,0,0,0.3,1,2,25,25,6.654637972901794e-3,6.425623812487748e-3,8.852958878118429e-2,8.789285946729208e-2,30,30,30
19,0,1,0.0,0,0,9,9,2.7774766744378884e-2,2.9083520538034786e-7,3.797483693295486e-2,5.585389252556755e-7,0,0,0
19,0,1,0.0,0,1,9,9,3.845539063383323e-7,2.9220509450153135e-4,5.585389252556755e-7,3.6494346188221884e-4,0,0,0
19,0,1,0.0,0,2,9,9,2.6891883186518057e-4,6.859238368002369e-4,3.6494346188221884e-4,8.964145850042028e-4,0,0,0
19,0,1,0.0,1,0,9,9,2.7774766744378884e-2,2.9083520538034786e-7,3.797483693295486e-2,5.585389252556755e-7,0,0,0
19,0,1,0.0,1,1,9,14,3.845539063383323e-7,2.548354528841459e-7,5.585389252556755e-7,5.789291700195932e-7,5,0,0
19,0,1,0.0,1,2,14,22,3.746093836419742e-7,1.5039049883888678e-3,5.789291700195932e-7,3.205437425971239e-3,8,0,0
19,0,1,0.3,0,0,9,9,4.037959834280312e-2,2.4099561375049983e-2,5.790735577115379e-2,5.7003864675187234e-2,0,0,0
19,0,1,0.3,0,1,9,9,3.8711930595576725e-2,3.207502227090374e-2,5.7003864675187234e-2,4.455295849622042e-2,0,0,0
19,0,1,0.3,0,2,9,9,3.513987507806089e-2,2.851133979673507e-2,4.455295849622042e-2,4.8478501057133e-2,0,0,0
19,0,1,0.3,1,0,9,25,4.037959834280312e-2,6.743757314617695e-3,5.790735577115379e-2,9.009822144108476e-2,20,4,0
19,0,1,0.3,1,1,25,25,5.918749676920628e-2,1.2435437150292983e-2,9.009822144108476e-2,7.34848486973264e-2,30,30,1
19,0,1,0.3,1,2,25,25,6.673553129388399e-2,8.310294631722566e-3,7.34848486973264e-2,8.231311148854073e-2,30,30,29
19,1,0,0.0,0,0,9,9,3.6502432612400756e-2,2.744979184278421e-2,4.0727518332652576e-2,4.5834768246990315e-2,0,0,0
19,1,0,0.0,0,1,9,9,2.744979184278421e-2,2.7449784720121773e-2,4.5834768246990315e-2,4.583481110769433e-2,0,0,0
19,1,0,0.0,0,2,9,9,2.7449784720121773e-2,2.745151062072752e-2,4.583481110769433e-2,4.578064393850759e-2,0,0,0
19,1,0,0.0,1,0,9,12,3.6502432612400756e-2,1.9986798694336696e-6,4.0727518332652576e-2,4.192837400141487e-6,3,0,0
19,1,0,0.0,1,1,12,22,1.9986798694336696e-6,1.5404782111737283e-3,4.192837400141487e-6,3.2227822173831982e-3,10,0,0
19,1,0,0.0,1,2,22,25,1.5404782111737283e-3,1.5617321567527458e-5,3.2227822173831982e-3,1.953849371394432e-4,4,1,0
19,1,0,0.3,0,0,9,9,4.691828169493922e-2,3.410904222502948e-2,5.936889435365805e-2,7.834932397487421e-2,0,0,0
19,1,0,0.3,0,1,9,9,3.410904222502948e-2,3.410904491590292e-2,7.834932397487421e-2,7.83495473310575e-2,0,0,0
19,1,0,0.3,0,2,9,9,3.410904491590292e-2,3.4109038585018396e-2,7.83495473310575e-2,7.834928975093058e-2,0,0,0
19,1,0,0.3,1,0,9,25,4.691828169493922e-2,6.914666428337891e-3,5.936889435365805e-2,8.164878302200762e-2,20,4,0
19,1,0,0.3,1,1,25,25,6.914666428337891e-3,6.637911459571888e-3,8.164878302200762e-2,8.198358545844926e-2,30,30,9
19,1,0,0.3,1,2,25,25,6.637911459571888e-3,6.630864630943e-3,8.198358545844926e-2,8.233254456979304e-2,30,30,30
19,1,1,0.0,0,0,9,9,3.6502432612400756e-2,2.744979184278421e-2,4.0727518332652576e-2,4.5834768246990315e-2,0,0,0
19,1,1,0.0,0,1,9,9,3.2315185734553366e-2,2.4933782509938517e-2,4.5834768246990315e-2,4.3233302818186846e-2,0,0,0
19,1,1,0.0,0,2,9,9,2.4776853615417226e-2,1.6378677108259944e-2,4.3233302818186846e-2,3.9694503191958774e-2,0,0,0
19,1,1,0.0,1,0,9,12,3.6502432612400756e-2,1.9986798694336696e-6,4.0727518332652576e-2,4.192837400141487e-6,3,0,0
19,1,1,0.0,1,1,12,20,2.3748922873126894e-6,2.5865339556616893e-3,4.192837400141487e-6,2.441678091657724e-3,8,0,0
19,1,1,0.0,1,2,20,25,2.4413166705749513e-3,1.4994954127400638e-4,2.441678091657724e-3,1.1226859037000944e-3,5,0,0
19,1,1,0.3,0,0,9,9,4.691828169493922e-2,3.410904222502948e-2,5.936889435365805e-2,7.834932397487421e-2,0,0,0
19,1,1,0.3,0,1,9,9,5.48653108940609e-2,4.231407776024025e-2,7.834932397487421e-2,5.914378657782081e-2,0,0,0
19,1,1,0.3,0,2,9,9,4.288365025589712e-2,3.757972209627648e-2,5.914378657782081e-2,6.302106599412671e-2,0,0,0
19,1,1,0.3,1,0,9,25,4.691828169493922e-2,6.914666428337891e-3,5.936889435365805e-2,8.164878302200762e-2,20,4,0
19,1,1,0.3,1,1,25,25,5.74381525315951e-2,1.2109627099023289e-2,8.164878302200762e-2,8.087844992363045e-2,30,30,6
19,1,1,0.3,1,2,25,25,6.957324366786842e-2,8.521737713034262e-3,8.087844992363045e-2,8.332320400620545e-2,30,30,7
41,0,0,0.0,0,0,9,9,1.8506064222946268e-2,1.8754533638271506e-7,2.6774750538922486e-2,3.5879013323290664e-7,0,0,0
41,0,0,0.0,0,1,9,9,1.8754533638271506e-7,2.2517215137722985e-7,3.5879013323290664e-7,3.567390974432302e-7,0,0,0
41,0,0,0.0,0,2,9,9,2.2517215137722985e-7,1.8442172721127694e-4,3.567390974432302e-7,2.0216385000338335e-4,0,0,0
41,0,0,0.0,1,0,9,9,1.8506064222946268e-2,1.8754533638271506e-7,2.6774750538922486e-2,3.5879013323290664e-7,0,0,0
41,0,0,0.0,1,1,9,12,1.8754533638271506e-7,1.8900112649747465e-7,3.5879013323290664e-7,4.2156725521187235e-7,3,0,0
41,0,0,0.0,1,2,12,22,1.8900112649747465e-7,1.4307172481440331e-5,4.2156725521187235e-7,4.25343026205479e-4,10,0,0
41,0,0,0.3,0,0,9,9,2.790640341695017e-2,2.0283383336966766e-2,4.7188652753265184e-2,6.460499731134775e-2,0,0,0
41,0,0,0.3,0,1,9,9,2.0283383336966766e-2,2.0283533010577427e-2,6.460499731134775e-2,6.460068872708839e-2,0,0,0
41,0,0,0.3,0,2,9,9,2.0283533010577427e-2,2.0283396964416188e-2,6.460068872708839e-2,6.460009334702223e-2,0,0,0
41,0,0,0.3,1,0,9,25,2.790640341695017e-2,7.220940769079827e-3,4.7188652753265184e-2,2.0867926276261903e-1,20,4,0
41,0,0,0.3,1,1,25,25,7.220940769079827e-3,6.511174759113891e-3,2.0867926276261903e-1,2.1498833896051223e-1,30,30,3
41,0,0,0.3,1,2,25,25,6.511174759113891e-3,6.067597172591738e-3,2.1498833896051223e-1,2.2528845869145564e-1,15,15,15
41,0,1,0.0,0,0,9,9,1.8506064222946268e-2,1.8754533638271506e-7,2.6774750538922486e-2,3.5879013323290664e-7,0,0,0
41,0,1,0.0,0,1,9,9,2.379670421503509e-7,8.87386991616624e-5,3.5879013323290664e-7,1.2345723536117553e-4,0,0,0
41,0,1,0.0,0,2,9,9,9.868799144936546e-5,1.1477606713822837e-5,1.2345723536117553e-4,1.4829893837159729e-5,0,0,0
41,0,1,0.0,1,0,9,9,1.8506064222946268e-2,1.8754533638271506e-7,2.6774750538922486e-2,3.5879013323290664e-7,0,0,0
41,0,1,0.0,1,1,9,9,2.379670421503509e-7,8.87386991616624e-5,3.5879013323290664e-7,1.2345723536117553e-4,0,0,0
41,0,1,0.0,1,2,9,23,9.868799144936546e-5,4.667157661514613e-6,1.2345723536117553e-4,7.511348734264748e-5,14,0,0
41,0,1,0.3,0,0,9,9,2.790640341695017e-2,2.0283383336966766e-2,4.7188652753265184e-2,6.460499731134775e-2,0,0,0
41,0,1,0.3,0,1,9,9,3.740145944954563e-2,2.3952160586072604e-2,6.460499731134775e-2,7.905263435677704e-2,0,0,0
41,0,1,0.3,0,2,9,9,6.719036551369037e-2,2.6096116225168085e-2,7.905263435677704e-2,4.7245830427370676e-2,0,0,0
41,0,1,0.3,1,0,9,25,2.790640341695017e-2,7.220940769079827e-3,4.7188652753265184e-2,2.0867926276261903e-1,20,4,0
41,0,1,0.3,1,1,25,25,1.6175076536397404e-1,1.0657428810084286e-2,2.0867926276261903e-1,1.555686888810175e-1,30,30,0
41,0,1,0.3,1,2,25,25,1.1841152068495736e-1,8.930968336824848e-3,1.555686888810175e-1,6.568872825137523e-2,30,30,23
41,1,0,0.0,0,0,9,9,4.046961621258771e-2,2.0932716183015978e-2,5.953222899417791e-2,7.225910412216323e-2,0,0,0
41,1,0,0.0,0,1,9,9,2.0932716183015978e-2,2.0932716018582546e-2,7.225910412216323e-2,7.226025749742178e-2,0,0,0
41,1,0,0.0,0,2,9,9,2.0932716018582546e-2,2.0932714699616058e-2,7.226025749742178e-2,7.225992272861181e-2,0,0,0
41,1,0,0.0,1,0,9,19,4.046961621258771e-2,4.898352077649103e-4,5.953222899417791e-2,3.193404324294478e-2,10,0,0
41,1,0,0.0,1,1,19,25,4.898352077649103e-4,7.625010944960752e-4,3.193404324294478e-2,1.982660361947867e-2,12,6,0
41,1,0,0.0,1,2,25,25,7.625010944960752e-4,2.71530876282501e-3,1.982660361947867e-2,1.0456873654766167e-2,17,17,13
41,1,0,0.3,0,0,9,9,4.288583055675047e-2,3.3146881211068374e-2,7.090297307115238e-2,9.307313011838833e-2,0,0,0
41,1,0,0.3,0,1,9,9,3.3146881211068374e-2,3.3146869980249134e-2,9.307313011838833e-2,9.307326959797425e-2,0,0,0
41,1,0,0.3,0,2,9,9,3.3146869980249134e-2,3.314690137822192e-2,9.307326959797425e-2,9.30700115022435e-2,0,0,0
41,1,0,0.3,1,0,9,25,4.288583055675047e-2,9.618291925190219e-3,7.090297307115238e-2,1.876354286189384e-1,20,4,0
41,1,0,0.3,1,1,25,25,9.618291925190219e-3,9.57886130961012e-3,1.876354286189384e-1,2.235903430487489e-1,30,30,25
41,1,0,0.3,1,2,25,25,9.57886130961012e-3,9.566485706292451e-3,2.235903430487489e-1,2.2720942147140305e-1,30,30,27
41,1,1,0.0,0,0,9,9,4.046961621258771e-2,2.0932716183015978e-2,5.953222899417791e-2,7.225910412216323e-2,0,0,0
41,1,1,0.0,0,1,9,9,4.7601607763832474e-2,1.973953572844758e-2,7.225910412216323e-2,3.8568957610960124e-2,0,0,0
41,1,1,0.0,0,2,9,9,2.991392033571849e-2,2.6998287118407186e-2,3.8568957610960124e-2,4.005681929364557e-2,0,0,0
41,1,1,0.0,1,0,9,19,4.046961621258771e-2,4.898352077649103e-4,5.953222899417791e-2,3.193404324294478e-2,10,0,0
41,1,1,0.0,1,1,19,23,6.3729378708101475e-3,3.121161540545874e-5,3.193404324294478e-2,1.5381901803833476e-3,4,0,0
41,1,1,0.0,1,2,23,25,1.716893878253244e-3,1.2099110043752967e-5,1.5381901803833476e-3,6.767477527294617e-5,3,1,0
41,1,1,0.3,0,0,9,9,4.288583055675047e-2,3.3146881211068374e-2,7.090297307115238e-2,9.307313011838833e-2,0,0,0
41,1,1,0.3,0,1,9,9,7.266247620355362e-2,3.5715975600909895e-2,9.307313011838833e-2,9.547575300969297e-2,0,0,0
41,1,1,0.3,0,2,9,9,7.257582879671015e-2,3.8481604443402345e-2,9.547575300969297e-2,5.5942662832160324e-2,0,0,0
41,1,1,0.3,1,0,9,25,4.288583055675047e-2,9.618291925190219e-3,7.090297307115238e-2,1.876354286189384e-1,20,4,0
41,1,1,0.3,1,1,25,25,1.4323556543119334e-1,9.25266833577012e-3,1.876354286189384e-1,1.1277271782425063e-1,30,30,1
41,1,1,0.3,1,2,25,25,9.674705643003831e-2,2.8547919237833244e-2,1.1277271782425063e-1,4.7623030164368696e-2,30,30,17
