seed,omega,adaptive,step,k_before,k_after,train_pre,heldout_pre,born,requests,denied,best_gain,coefficient_l1_previous_window,rhs,basis,coefficient_updates_before
7,0.0,0,40,9,9,0.0049634,0.0100275,-1,0,0,1.8948111e-6,2.9109033252541394e-1,40960,1679360,351
7,0.0,0,80,9,9,0.0027655,0.0053569,-1,0,0,5.584299e-7,6.32263247949858e-2,81920,3358720,711
7,0.0,0,120,9,9,0.0013030,0.0025767,-1,0,0,1.4593157e-7,4.767620189522859e-2,122880,5038080,1071
7,0.0,0,160,9,9,0.0005013,0.0009845,-1,0,0,2.1299408e-8,2.61148329518619e-2,163840,6717440,1431
7,0.0,0,200,9,9,0.0001552,0.0003054,-1,0,0,2.048296e-9,1.127693237776839e-2,204800,8396800,1791
7,0.0,0,240,9,9,0.0000376,0.0000739,-1,0,0,1.2033158e-10,3.8275649267234257e-3,245760,10076160,2151
7,0.0,0,280,9,9,0.0000068,0.0000131,-1,0,0,3.9104726e-12,1.0061768954869876e-3,286720,11755520,2511
7,0.0,0,320,9,9,0.0000008,0.0000015,-1,0,0,4.842343e-14,1.9486173522409445e-4,327680,13434880,2871
7,0.0,0,360,9,9,0.0000002,0.0000005,-1,0,0,2.279946e-15,2.440140114767786e-5,368640,15114240,3231
7,0.0,0,400,9,9,0.0000002,0.0000005,-1,0,0,2.1734317e-15,1.7703939997938418e-6,409600,16793600,3591
7,0.0,0,440,9,9,0.0000002,0.0000005,-1,0,0,2.5586032e-15,5.380818844749093e-7,450560,18472960,3951
7,0.0,0,480,9,9,0.0000002,0.0000005,-1,0,0,2.2016502e-15,6.172673755705342e-7,491520,20152320,4311
7,0.0,0,520,9,9,0.0000002,0.0000005,-1,0,0,2.1137288e-15,4.706188669518531e-7,532480,21831680,4671
7,0.0,0,560,9,9,0.0000002,0.0000005,-1,0,0,2.1590728e-15,5.014680752922582e-7,573440,23511040,5031
7,0.0,0,600,9,9,0.0000002,0.0000005,-1,0,0,2.5895872e-15,7.89761206928391e-7,614400,25190400,5391
7,0.0,0,640,9,9,0.0000002,0.0000005,-1,0,0,2.0875853e-15,6.587095464894409e-7,655360,26869760,5751
7,0.0,0,680,9,9,0.0000002,0.0000005,-1,0,0,2.1343869e-15,6.907426370930106e-7,696320,28549120,6111
7,0.0,0,720,9,9,0.0000002,0.0000005,-1,0,0,2.2016392e-15,6.661552374369155e-7,737280,30228480,6471
7,0.0,0,760,9,9,0.0000002,0.0000005,-1,0,0,2.1635066e-15,6.719231935859707e-7,778240,31907840,6831
7,0.0,0,800,9,9,0.0000002,0.0000005,-1,0,0,2.1607535e-15,7.989344184763936e-7,819200,33587200,7191
7,0.0,0,840,9,9,0.0000002,0.0000005,-1,0,0,2.0973262e-15,8.90047043336159e-7,860160,35266560,7551
7,0.0,0,880,9,9,0.0000002,0.0000005,-1,0,0,2.038698e-15,1.0227399135842238e-6,901120,36945920,7911
7,0.0,0,920,9,9,0.0000002,0.0000005,-1,0,0,2.0301165e-15,1.241917387134056e-6,942080,38625280,8271
7,0.0,0,960,9,9,0.0000002,0.0000005,-1,0,0,2.039323e-15,8.58609344808563e-7,983040,40304640,8631
7,0.0,0,1000,9,9,0.0000002,0.0000005,-1,0,0,2.1715208e-15,1.0037194376512348e-6,1024000,41984000,8991
7,0.0,0,1040,9,9,0.0000002,0.0000005,-1,0,0,2.1424811e-15,1.099648964375359e-6,1064960,43663360,9351
7,0.0,0,1080,9,9,0.0000002,0.0000005,-1,0,0,2.5792378e-15,1.160309653480858e-6,1105920,45342720,9711
7,0.0,0,1120,9,9,0.0000002,0.0000005,-1,0,0,2.0587267e-15,1.0773952738331316e-6,1146880,47022080,10071
7,0.0,0,1160,9,9,0.0000002,0.0000005,-1,0,0,2.1142114e-15,1.1666211570324214e-6,1187840,48701440,10431
7,0.0,0,1200,9,9,0.0000002,0.0000005,-1,0,0,1.900662e-15,1.3718435275706124e-6,1228800,50380800,10791
7,0.0,1,40,9,9,0.0049634,0.0100275,-1,0,0,1.8948111e-6,2.9109033252541394e-1,40960,1679360,351
7,0.0,1,80,9,9,0.0027655,0.0053569,-1,0,0,5.584299e-7,6.32263247949858e-2,81920,3358720,711
7,0.0,1,120,9,9,0.0013030,0.0025767,-1,0,0,1.4593157e-7,4.767620189522859e-2,122880,5038080,1071
7,0.0,1,160,9,9,0.0005013,0.0009845,-1,0,0,2.1299408e-8,2.61148329518619e-2,163840,6717440,1431
7,0.0,1,200,9,9,0.0001552,0.0003054,-1,0,0,2.048296e-9,1.127693237776839e-2,204800,8396800,1791
7,0.0,1,240,9,9,0.0000376,0.0000739,-1,0,0,1.2033158e-10,3.8275649267234257e-3,245760,10076160,2151
7,0.0,1,280,9,9,0.0000068,0.0000131,-1,0,0,3.9104726e-12,1.0061768954869876e-3,286720,11755520,2511
7,0.0,1,320,9,9,0.0000008,0.0000015,-1,0,0,4.842343e-14,1.9486173522409445e-4,327680,13434880,2871
7,0.0,1,360,9,9,0.0000002,0.0000005,-1,0,0,2.279946e-15,2.440140114767786e-5,368640,15114240,3231
7,0.0,1,400,9,9,0.0000002,0.0000005,-1,0,0,2.1734317e-15,1.7703939997938418e-6,409600,16793600,3591
7,0.0,1,440,9,9,0.0000002,0.0000005,-1,0,0,2.5586032e-15,5.380818844749093e-7,450560,18472960,3951
7,0.0,1,480,9,9,0.0000002,0.0000005,-1,0,0,2.2016502e-15,6.172673755705342e-7,491520,20152320,4311
7,0.0,1,520,9,9,0.0000002,0.0000005,-1,0,0,2.1137288e-15,4.706188669518531e-7,532480,21831680,4671
7,0.0,1,560,9,9,0.0000002,0.0000005,-1,0,0,2.1590728e-15,5.014680752922582e-7,573440,23511040,5031
7,0.0,1,600,9,9,0.0000002,0.0000005,-1,0,0,2.5895872e-15,7.89761206928391e-7,614400,25190400,5391
7,0.0,1,640,9,9,0.0000002,0.0000005,-1,0,0,2.0875853e-15,6.587095464894409e-7,655360,26869760,5751
7,0.0,1,680,9,9,0.0000002,0.0000005,-1,0,0,2.1343869e-15,6.907426370930106e-7,696320,28549120,6111
7,0.0,1,720,9,9,0.0000002,0.0000005,-1,0,0,2.2016392e-15,6.661552374369155e-7,737280,30228480,6471
7,0.0,1,760,9,9,0.0000002,0.0000005,-1,0,0,2.1635066e-15,6.719231935859707e-7,778240,31907840,6831
7,0.0,1,800,9,9,0.0000002,0.0000005,-1,0,0,2.1607535e-15,7.989344184763936e-7,819200,33587200,7191
7,0.0,1,840,9,9,0.0000002,0.0000005,-1,0,0,2.0973262e-15,8.90047043336159e-7,860160,35266560,7551
7,0.0,1,880,9,9,0.0000002,0.0000005,-1,0,0,2.038698e-15,1.0227399135842238e-6,901120,36945920,7911
7,0.0,1,920,9,9,0.0000002,0.0000005,-1,0,0,2.0301165e-15,1.241917387134056e-6,942080,38625280,8271
7,0.0,1,960,9,9,0.0000002,0.0000005,-1,0,0,2.039323e-15,8.58609344808563e-7,983040,40304640,8631
7,0.0,1,1000,9,9,0.0000002,0.0000005,-1,0,0,2.1715208e-15,1.0037194376512348e-6,1024000,41984000,8991
7,0.0,1,1040,9,9,0.0000002,0.0000005,-1,0,0,2.1424811e-15,1.099648964375359e-6,1064960,43663360,9351
7,0.0,1,1080,9,9,0.0000002,0.0000005,-1,0,0,2.5792378e-15,1.160309653480858e-6,1105920,45342720,9711
7,0.0,1,1120,9,9,0.0000002,0.0000005,-1,0,0,2.0587267e-15,1.0773952738331316e-6,1146880,47022080,10071
7,0.0,1,1160,9,9,0.0000002,0.0000005,-1,0,0,2.1142114e-15,1.1666211570324214e-6,1187840,48701440,10431
7,0.0,1,1200,9,9,0.0000002,0.0000005,-1,0,0,1.900662e-15,1.3718435275706124e-6,1228800,50380800,10791
7,0.3,0,40,9,9,0.0300704,0.0537490,-1,0,0,7.140699e-5,3.629043392506901e-1,40960,1679360,351
7,0.3,0,80,9,9,0.0299228,0.0508669,-1,0,0,7.305139e-5,5.183339304835499e-2,81920,3358720,711
7,0.3,0,120,9,9,0.0299215,0.0508451,-1,0,0,7.314703e-5,7.61571788746096e-3,122880,5038080,1071
7,0.3,0,160,9,9,0.0299214,0.0508826,-1,0,0,7.335012e-5,1.6769170493313723e-3,163840,6717440,1431
7,0.3,0,200,9,9,0.0299214,0.0508980,-1,0,0,7.3457224e-5,8.983969402720504e-4,204800,8396800,1791
7,0.3,0,240,9,9,0.0299214,0.0509042,-1,0,0,7.3503244e-5,5.060305759343464e-4,245760,10076160,2151
7,0.3,0,280,9,9,0.0299213,0.0509074,-1,0,0,7.352825e-5,2.524919711390794e-4,286720,11755520,2511
7,0.3,0,320,9,9,0.0299213,0.0509088,-1,0,0,7.353881e-5,1.1264578503755729e-4,327680,13434880,2871
7,0.3,0,360,9,9,0.0299213,0.0509094,-1,0,0,7.354344e-5,4.472219727702509e-5,368640,15114240,3231
7,0.3,0,400,9,9,0.0299213,0.0509096,-1,0,0,7.35449e-5,1.5890838198195922e-5,409600,16793600,3591
7,0.3,0,440,9,9,0.0299213,0.0509097,-1,0,0,7.354529e-5,4.789485960020323e-6,450560,18472960,3951
7,0.3,0,480,9,9,0.0299213,0.0509097,-1,0,0,7.354548e-5,1.3612306345653358e-6,491520,20152320,4311
7,0.3,0,520,9,9,0.0299213,0.0509097,-1,0,0,7.354548e-5,5.013030774318316e-7,532480,21831680,4671
7,0.3,0,560,9,9,0.0299213,0.0509097,-1,0,0,7.3545496e-5,5.896868893748644e-7,573440,23511040,5031
7,0.3,0,600,9,9,0.0299213,0.0509097,-1,0,0,7.3545474e-5,5.963035064971214e-7,614400,25190400,5391
7,0.3,0,640,9,9,0.0299213,0.0509097,-1,0,0,7.3545474e-5,7.65782729543734e-7,655360,26869760,5751
7,0.3,0,680,9,9,0.0299213,0.0509097,-1,0,0,7.3545474e-5,7.44704082301581e-7,696320,28549120,6111
7,0.3,0,720,9,9,0.0299213,0.0509097,-1,0,0,7.354536e-5,8.799526144609091e-7,737280,30228480,6471
7,0.3,0,760,9,9,0.0299213,0.0509097,-1,0,0,7.354537e-5,8.224408920733789e-7,778240,31907840,6831
7,0.3,0,800,9,9,0.0299213,0.0509097,-1,0,0,7.354549e-5,8.879313985648077e-7,819200,33587200,7191
7,0.3,0,840,9,9,0.0299213,0.0509097,-1,0,0,7.3545474e-5,7.894756389368283e-7,860160,35266560,7551
7,0.3,0,880,9,9,0.0299213,0.0509097,-1,0,0,7.354548e-5,9.93424513557467e-7,901120,36945920,7911
7,0.3,0,920,9,9,0.0299213,0.0509097,-1,0,0,7.354548e-5,1.0296281058690127e-6,942080,38625280,8271
7,0.3,0,960,9,9,0.0299213,0.0509097,-1,0,0,7.3545474e-5,1.1552398542294395e-6,983040,40304640,8631
7,0.3,0,1000,9,9,0.0299214,0.0509097,-1,0,0,7.354547e-5,1.164428496066433e-6,1024000,41984000,8991
7,0.3,0,1040,9,9,0.0299213,0.0509097,-1,0,0,7.3545474e-5,1.2354771392456866e-6,1064960,43663360,9351
7,0.3,0,1080,9,9,0.0299213,0.0509097,-1,0,0,7.354549e-5,1.376230171752299e-6,1105920,45342720,9711
7,0.3,0,1120,9,9,0.0299213,0.0509097,-1,0,0,7.354549e-5,1.6592314813976272e-6,1146880,47022080,10071
7,0.3,0,1160,9,9,0.0299214,0.0509097,-1,0,0,7.354548e-5,1.5740544777945176e-6,1187840,48701440,10431
7,0.3,0,1200,9,9,0.0299213,0.0509097,-1,0,0,7.35455e-5,1.0078547448095707e-6,1228800,50380800,10791
7,0.3,1,40,9,9,0.0300704,0.0537490,-1,0,0,7.140699e-5,3.629043392506901e-1,40960,1679360,351
7,0.3,1,80,9,9,0.0299228,0.0508669,-1,0,0,7.305139e-5,5.183339304835499e-2,81920,3358720,711
7,0.3,1,120,9,9,0.0299215,0.0508451,-1,0,0,7.314703e-5,7.61571788746096e-3,122880,5038080,1071
7,0.3,1,160,9,9,0.0299214,0.0508826,-1,0,0,7.335012e-5,1.6769170493313723e-3,163840,6717440,1431
7,0.3,1,200,9,9,0.0299214,0.0508980,-1,0,0,7.3457224e-5,8.983969402720504e-4,204800,8396800,1791
7,0.3,1,240,9,9,0.0299214,0.0509042,-1,0,0,7.3503244e-5,5.060305759343464e-4,245760,10076160,2151
7,0.3,1,280,9,9,0.0299213,0.0509074,-1,0,0,7.352825e-5,2.524919711390794e-4,286720,11755520,2511
7,0.3,1,320,9,9,0.0299213,0.0509088,-1,0,0,7.353881e-5,1.1264578503755729e-4,327680,13434880,2871
7,0.3,1,360,9,9,0.0299213,0.0509094,-1,0,0,7.354344e-5,4.472219727702509e-5,368640,15114240,3231
7,0.3,1,400,9,9,0.0299213,0.0509096,-1,0,0,7.35449e-5,1.5890838198195922e-5,409600,16793600,3591
7,0.3,1,440,9,10,0.0299213,0.0509097,27,1,0,7.354529e-5,4.789485960020323e-6,450560,18472960,3951
7,0.3,1,480,10,11,0.0256822,0.0635770,33,2,0,2.0630361e-5,2.0459669851875484e-1,491520,20152320,4351
7,0.3,1,520,11,12,0.0243767,0.0628145,30,3,0,2.3504183e-5,1.3507169774598005e-1,532480,21831680,4791
7,0.3,1,560,12,13,0.0217008,0.0686350,28,4,0,1.26615405e-5,2.3767413183588815e-1,573440,23511040,5271
7,0.3,1,600,13,14,0.0207273,0.0724704,29,5,0,8.474207e-6,1.5438480643072694e-1,614400,25190400,5791
7,0.3,1,640,14,15,0.0192395,0.0725591,31,6,0,2.570222e-6,1.7760120631690768e-1,655360,26869760,6351
7,0.3,1,680,15,16,0.0189492,0.0707912,36,7,0,2.5157985e-6,1.0014723904124878e-1,696320,28549120,6951
7,0.3,1,720,16,17,0.0185533,0.0702595,14,8,0,2.2024583e-6,1.257158080594536e-1,737280,30228480,7591
7,0.3,1,760,17,18,0.0158460,0.0770534,35,9,0,3.8000944e-6,2.8696333694432496e-1,778240,31907840,8271
7,0.3,1,800,18,19,0.0143015,0.0801790,39,10,0,1.0868287e-6,2.2006682757682938e-1,819200,33587200,8991
7,0.3,1,840,19,20,0.0136659,0.0849834,40,11,0,1.0861645e-6,1.7076839900647656e-1,860160,35266560,9751
7,0.3,1,880,20,21,0.0133876,0.0858196,32,12,0,7.0130466e-7,1.1835097790704197e-1,901120,36945920,10551
7,0.3,1,920,21,22,0.0129289,0.0872100,25,13,0,3.0259508e-7,1.7442599633318423e-1,942080,38625280,11391
7,0.3,1,960,22,23,0.0126155,0.0873051,34,14,0,3.8893728e-7,1.8518617414537175e-1,983040,40304640,12271
7,0.3,1,1000,23,24,0.0121724,0.0899675,23,15,0,1.9130363e-7,1.887739885754769e-1,1024000,41984000,13191
7,0.3,1,1040,24,25,0.0119323,0.0927099,19,16,0,1.6403747e-7,1.9617833215550284e-1,1064960,43663360,14151
7,0.3,1,1080,25,25,0.0116549,0.0933551,-1,17,1,1.6178662e-7,3.8349300406057907e-1,1105920,45342720,15151
7,0.3,1,1120,25,25,0.0114340,0.0938247,-1,18,2,7.003964e-8,8.695222497188837e-2,1146880,47022080,16151
7,0.3,1,1160,25,25,0.0112862,0.0938815,-1,19,3,5.2690215e-8,6.0861464804073506e-2,1187840,48701440,17151
7,0.3,1,1200,25,25,0.0111845,0.0937119,-1,20,4,4.4805397e-8,5.4273632616993694e-2,1228800,50380800,18151
19,0.0,0,40,9,9,0.0052350,0.0142495,-1,0,0,5.4670345e-6,2.6763420544202177e-1,40960,1679360,351
19,0.0,0,80,9,9,0.0037632,0.0107702,-1,0,0,1.9411796e-6,6.448899319201473e-2,81920,3358720,711
19,0.0,0,120,9,9,0.0026674,0.0077969,-1,0,0,8.9149376e-7,4.811279275236302e-2,122880,5038080,1071
19,0.0,0,160,9,9,0.0017981,0.0053181,-1,0,0,4.0443095e-7,3.944538126233965e-2,163840,6717440,1431
19,0.0,0,200,9,9,0.0011600,0.0034597,-1,0,0,1.6645185e-7,2.9504705911676865e-2,204800,8396800,1791
19,0.0,0,240,9,9,0.0007179,0.0021536,-1,0,0,6.321858e-8,2.073849370026437e-2,245760,10076160,2151
19,0.0,0,280,9,9,0.0004261,0.0012831,-1,0,0,2.2144413e-8,1.3821317540532618e-2,286720,11755520,2511
19,0.0,0,320,9,9,0.0002422,0.0007313,-1,0,0,7.1298336e-9,8.764738823629159e-3,327680,13434880,2871
19,0.0,0,360,9,9,0.0001317,0.0003981,-1,0,0,2.1031414e-9,5.291713074711879e-3,368640,15114240,3231
19,0.0,0,400,9,9,0.0000683,0.0002067,-1,0,0,5.65469e-10,3.0397926520890906e-3,409600,16793600,3591
19,0.0,0,440,9,9,0.0000338,0.0001023,-1,0,0,1.384236e-10,1.6598927491031645e-3,450560,18472960,3951
19,0.0,0,480,9,9,0.0000159,0.0000481,-1,0,0,3.052404e-11,8.601092333719862e-4,491520,20152320,4311
19,0.0,0,520,9,9,0.0000071,0.0000215,-1,0,0,6.1402593e-12,4.2267154506703264e-4,532480,21831680,4671
19,0.0,0,560,9,9,0.0000030,0.0000092,-1,0,0,1.0982555e-12,1.9660173441593543e-4,573440,23511040,5031
19,0.0,0,600,9,9,0.0000012,0.0000037,-1,0,0,1.827239e-13,8.643286546217155e-5,614400,25190400,5391
19,0.0,0,640,9,9,0.0000005,0.0000015,-1,0,0,2.5085103e-14,3.583457894684727e-5,655360,26869760,5751
19,0.0,0,680,9,9,0.0000003,0.0000008,-1,0,0,9.564868e-15,1.3930135775885866e-5,696320,28549120,6111
19,0.0,0,720,9,9,0.0000003,0.0000006,-1,0,0,6.0452983e-15,5.562394746111421e-6,737280,30228480,6471
19,0.0,0,760,9,9,0.0000003,0.0000005,-1,0,0,5.1893355e-15,2.6599657105934316e-6,778240,31907840,6831
19,0.0,0,800,9,9,0.0000003,0.0000005,-1,0,0,4.7125415e-15,1.6439348199260694e-6,819200,33587200,7191
19,0.0,0,840,9,9,0.0000003,0.0000005,-1,0,0,5.2684463e-15,2.034186573005893e-6,860160,35266560,7551
19,0.0,0,880,9,9,0.0000003,0.0000005,-1,0,0,5.2014307e-15,2.8217647023477416e-6,901120,36945920,7911
19,0.0,0,920,9,9,0.0000003,0.0000005,-1,0,0,3.0283863e-15,1.8652591751103925e-6,942080,38625280,8271
19,0.0,0,960,9,9,0.0000003,0.0000005,-1,0,0,5.0121663e-15,1.9887466418651648e-6,983040,40304640,8631
19,0.0,0,1000,9,9,0.0000003,0.0000005,-1,0,0,5.5249236e-15,2.5846530730553523e-6,1024000,41984000,8991
19,0.0,0,1040,9,9,0.0000003,0.0000005,-1,0,0,5.180566e-15,2.67750521305149e-6,1064960,43663360,9351
19,0.0,0,1080,9,9,0.0000003,0.0000005,-1,0,0,2.9614876e-15,2.347765523554035e-6,1105920,45342720,9711
19,0.0,0,1120,9,9,0.0000003,0.0000005,-1,0,0,5.940275e-15,2.2643490338045483e-6,1146880,47022080,10071
19,0.0,0,1160,9,9,0.0000003,0.0000005,-1,0,0,4.149595e-15,2.4288583686461925e-6,1187840,48701440,10431
19,0.0,0,1200,9,9,0.0000003,0.0000005,-1,0,0,4.77161e-15,2.7048399097867604e-6,1228800,50380800,10791
19,0.0,1,40,9,9,0.0052350,0.0142495,-1,0,0,5.4670345e-6,2.6763420544202177e-1,40960,1679360,351
19,0.0,1,80,9,9,0.0037632,0.0107702,-1,0,0,1.9411796e-6,6.448899319201473e-2,81920,3358720,711
19,0.0,1,120,9,9,0.0026674,0.0077969,-1,0,0,8.9149376e-7,4.811279275236302e-2,122880,5038080,1071
19,0.0,1,160,9,9,0.0017981,0.0053181,-1,0,0,4.0443095e-7,3.944538126233965e-2,163840,6717440,1431
19,0.0,1,200,9,9,0.0011600,0.0034597,-1,0,0,1.6645185e-7,2.9504705911676865e-2,204800,8396800,1791
19,0.0,1,240,9,9,0.0007179,0.0021536,-1,0,0,6.321858e-8,2.073849370026437e-2,245760,10076160,2151
19,0.0,1,280,9,9,0.0004261,0.0012831,-1,0,0,2.2144413e-8,1.3821317540532618e-2,286720,11755520,2511
19,0.0,1,320,9,9,0.0002422,0.0007313,-1,0,0,7.1298336e-9,8.764738823629159e-3,327680,13434880,2871
19,0.0,1,360,9,9,0.0001317,0.0003981,-1,0,0,2.1031414e-9,5.291713074711879e-3,368640,15114240,3231
19,0.0,1,400,9,9,0.0000683,0.0002067,-1,0,0,5.65469e-10,3.0397926520890906e-3,409600,16793600,3591
19,0.0,1,440,9,9,0.0000338,0.0001023,-1,0,0,1.384236e-10,1.6598927491031645e-3,450560,18472960,3951
19,0.0,1,480,9,9,0.0000159,0.0000481,-1,0,0,3.052404e-11,8.601092333719862e-4,491520,20152320,4311
19,0.0,1,520,9,9,0.0000071,0.0000215,-1,0,0,6.1402593e-12,4.2267154506703264e-4,532480,21831680,4671
19,0.0,1,560,9,9,0.0000030,0.0000092,-1,0,0,1.0982555e-12,1.9660173441593543e-4,573440,23511040,5031
19,0.0,1,600,9,9,0.0000012,0.0000037,-1,0,0,1.827239e-13,8.643286546217155e-5,614400,25190400,5391
19,0.0,1,640,9,9,0.0000005,0.0000015,-1,0,0,2.5085103e-14,3.583457894684727e-5,655360,26869760,5751
19,0.0,1,680,9,9,0.0000003,0.0000008,-1,0,0,9.564868e-15,1.3930135775885866e-5,696320,28549120,6111
19,0.0,1,720,9,9,0.0000003,0.0000006,-1,0,0,6.0452983e-15,5.562394746111421e-6,737280,30228480,6471
19,0.0,1,760,9,9,0.0000003,0.0000005,-1,0,0,5.1893355e-15,2.6599657105934316e-6,778240,31907840,6831
19,0.0,1,800,9,9,0.0000003,0.0000005,-1,0,0,4.7125415e-15,1.6439348199260694e-6,819200,33587200,7191
19,0.0,1,840,9,9,0.0000003,0.0000005,-1,0,0,5.2684463e-15,2.034186573005893e-6,860160,35266560,7551
19,0.0,1,880,9,9,0.0000003,0.0000005,-1,0,0,5.2014307e-15,2.8217647023477416e-6,901120,36945920,7911
19,0.0,1,920,9,9,0.0000003,0.0000005,-1,0,0,3.0283863e-15,1.8652591751103925e-6,942080,38625280,8271
19,0.0,1,960,9,9,0.0000003,0.0000005,-1,0,0,5.0121663e-15,1.9887466418651648e-6,983040,40304640,8631
19,0.0,1,1000,9,9,0.0000003,0.0000005,-1,0,0,5.5249236e-15,2.5846530730553523e-6,1024000,41984000,8991
19,0.0,1,1040,9,9,0.0000003,0.0000005,-1,0,0,5.180566e-15,2.67750521305149e-6,1064960,43663360,9351
19,0.0,1,1080,9,9,0.0000003,0.0000005,-1,0,0,2.9614876e-15,2.347765523554035e-6,1105920,45342720,9711
19,0.0,1,1120,9,9,0.0000003,0.0000005,-1,0,0,5.940275e-15,2.2643490338045483e-6,1146880,47022080,10071
19,0.0,1,1160,9,9,0.0000003,0.0000005,-1,0,0,4.149595e-15,2.4288583686461925e-6,1187840,48701440,10431
19,0.0,1,1200,9,9,0.0000003,0.0000005,-1,0,0,4.77161e-15,2.7048399097867604e-6,1228800,50380800,10791
19,0.3,0,40,9,9,0.0252588,0.0455056,-1,0,0,4.5642195e-5,3.2415950138079097e-1,40960,1679360,351
19,0.3,0,80,9,9,0.0242381,0.0462948,-1,0,0,3.202295e-5,1.1148336908809142e-1,81920,3358720,711
19,0.3,0,120,9,9,0.0236143,0.0467024,-1,0,0,2.6841186e-5,1.0237741166201886e-1,122880,5038080,1071
19,0.3,0,160,9,9,0.0232148,0.0476969,-1,0,0,2.3900227e-5,8.858679439435946e-2,163840,6717440,1431
19,0.3,0,200,9,9,0.0229788,0.0488586,-1,0,0,2.1667509e-5,7.242860354745062e-2,204800,8396800,1791
19,0.3,0,240,9,9,0.0228468,0.0499541,-1,0,0,1.9944953e-5,5.707528664788697e-2,245760,10076160,2151
19,0.3,0,280,9,9,0.0227760,0.0508924,-1,0,0,1.9712339e-5,4.374238007585518e-2,286720,11755520,2511
19,0.3,0,320,9,9,0.0227395,0.0516447,-1,0,0,1.9555584e-5,3.27330964646535e-2,327680,13434880,2871
19,0.3,0,360,9,9,0.0227214,0.0522199,-1,0,0,1.9444613e-5,2.3938292086313595e-2,368640,15114240,3231
19,0.3,0,400,9,9,0.0227128,0.0526429,-1,0,0,1.9367635e-5,1.7104233984355233e-2,409600,16793600,3591
19,0.3,0,440,9,9,0.0227088,0.0529436,-1,0,0,1.9314828e-5,1.192999832710484e-2,450560,18472960,3951
19,0.3,0,480,9,9,0.0227071,0.0531507,-1,0,0,1.9279174e-5,8.11562446597236e-3,491520,20152320,4311
19,0.3,0,520,9,9,0.0227064,0.0532891,-1,0,0,1.9256457e-5,5.377807440254401e-3,532480,21831680,4671
19,0.3,0,560,9,9,0.0227061,0.0533788,-1,0,0,1.9241748e-5,3.469632647238541e-3,573440,23511040,5031
19,0.3,0,600,9,9,0.0227064,0.0534302,-1,0,0,1.9316472e-5,1.0369353796566116e-2,614400,25190400,5391
19,0.3,0,640,9,9,0.0227060,0.0534697,-1,0,0,1.9229577e-5,5.755880054266527e-3,655360,26869760,5751
19,0.3,0,680,9,9,0.0227060,0.0534903,-1,0,0,1.9222303e-5,1.269803278670878e-3,696320,28549120,6111
19,0.3,0,720,9,9,0.0227060,0.0535021,-1,0,0,1.922088e-5,4.7005972452662803e-4,737280,30228480,6471
19,0.3,0,760,9,9,0.0227060,0.0535092,-1,0,0,1.9210544e-5,5.218405428334405e-4,778240,31907840,6831
19,0.3,0,800,9,9,0.0227060,0.0535115,-1,0,0,1.923267e-5,1.2181759044036511e-2,819200,33587200,7191
19,0.3,0,840,9,9,0.0227059,0.0535139,-1,0,0,1.922346e-5,2.243307051841781e-3,860160,35266560,7551
19,0.3,0,880,9,9,0.0227059,0.0535151,-1,0,0,1.9218625e-5,3.38777734326251e-4,901120,36945920,7911
19,0.3,0,920,9,9,0.0227060,0.0535154,-1,0,0,1.9220259e-5,1.2187806545747512e-4,942080,38625280,8271
19,0.3,0,960,9,9,0.0227060,0.0535157,-1,0,0,1.9223653e-5,1.3142206371011156e-2,983040,40304640,8631
19,0.3,0,1000,9,9,0.0227060,0.0535163,-1,0,0,1.9211417e-5,3.806951025605798e-3,1024000,41984000,8991
19,0.3,0,1040,9,9,0.0227059,0.0535159,-1,0,0,1.9219084e-5,4.826641771883966e-4,1064960,43663360,9351
19,0.3,0,1080,9,9,0.0227060,0.0535159,-1,0,0,1.9218925e-5,6.452994364823661e-5,1105920,45342720,9711
19,0.3,0,1120,9,9,0.0227059,0.0535156,-1,0,0,1.92243e-5,2.509580074160078e-4,1146880,47022080,10071
19,0.3,0,1160,9,9,0.0227060,0.0535179,-1,0,0,1.917079e-5,1.2846493361032996e-2,1187840,48701440,10431
19,0.3,0,1200,9,9,0.0227060,0.0535163,-1,0,0,1.9211157e-5,2.9541457251749392e-3,1228800,50380800,10791
19,0.3,1,40,9,9,0.0252588,0.0455056,-1,0,0,4.5642195e-5,3.2415950138079097e-1,40960,1679360,351
19,0.3,1,80,9,9,0.0242381,0.0462948,-1,0,0,3.202295e-5,1.1148336908809142e-1,81920,3358720,711
19,0.3,1,120,9,9,0.0236143,0.0467024,-1,0,0,2.6841186e-5,1.0237741166201886e-1,122880,5038080,1071
19,0.3,1,160,9,9,0.0232148,0.0476969,-1,0,0,2.3900227e-5,8.858679439435946e-2,163840,6717440,1431
19,0.3,1,200,9,9,0.0229788,0.0488586,-1,0,0,2.1667509e-5,7.242860354745062e-2,204800,8396800,1791
19,0.3,1,240,9,9,0.0228468,0.0499541,-1,0,0,1.9944953e-5,5.707528664788697e-2,245760,10076160,2151
19,0.3,1,280,9,9,0.0227760,0.0508924,-1,0,0,1.9712339e-5,4.374238007585518e-2,286720,11755520,2511
19,0.3,1,320,9,9,0.0227395,0.0516447,-1,0,0,1.9555584e-5,3.27330964646535e-2,327680,13434880,2871
19,0.3,1,360,9,9,0.0227214,0.0522199,-1,0,0,1.9444613e-5,2.3938292086313595e-2,368640,15114240,3231
19,0.3,1,400,9,9,0.0227128,0.0526429,-1,0,0,1.9367635e-5,1.7104233984355233e-2,409600,16793600,3591
19,0.3,1,440,9,10,0.0227088,0.0529436,32,1,0,1.9314828e-5,1.192999832710484e-2,450560,18472960,3951
19,0.3,1,480,10,11,0.0210466,0.0542150,40,2,0,1.5259564e-5,1.4797526183053833e-1,491520,20152320,4351
19,0.3,1,520,11,12,0.0188201,0.0670674,38,3,0,7.4904206e-6,1.898337036258937e-1,532480,21831680,4791
19,0.3,1,560,12,13,0.0172990,0.0686796,39,4,0,5.503141e-6,2.0040579603406172e-1,573440,23511040,5271
19,0.3,1,600,13,14,0.0155446,0.0666531,34,5,0,1.9582924e-6,2.3467139246884017e-1,614400,25190400,5791
19,0.3,1,640,14,15,0.0149371,0.0644848,35,6,0,1.8883784e-6,1.598453292693165e-1,655360,26869760,6351
19,0.3,1,680,15,16,0.0143254,0.0613821,29,7,0,1.5017462e-6,1.4843736183901513e-1,696320,28549120,6951
19,0.3,1,720,16,17,0.0138953,0.0631224,36,8,0,1.2942404e-6,1.287343146956914e-1,737280,30228480,7591
19,0.3,1,760,17,18,0.0133851,0.0662290,25,9,0,6.754739e-7,1.4706516060309127e-1,778240,31907840,8271
19,0.3,1,800,18,19,0.0131672,0.0722906,20,10,0,6.64222e-7,1.1445238047288342e-1,819200,33587200,8991
19,0.3,1,840,19,20,0.0103784,0.0829926,30,11,0,7.3346047e-7,3.3923980455324454e-1,860160,35266560,9751
19,0.3,1,880,20,21,0.0090149,0.0901834,28,12,0,4.7805037e-7,3.1812699622678053e-1,901120,36945920,10551
19,0.3,1,920,21,22,0.0082412,0.0905789,18,13,0,2.1644588e-7,2.8438607591550635e-1,942080,38625280,11391
19,0.3,1,960,22,23,0.0082234,0.0900692,12,14,0,5.609419e-7,3.0826801814920657e-1,983040,40304640,12271
19,0.3,1,1000,23,24,0.0080666,0.0901679,27,15,0,2.046482e-7,1.1785962042817033e-1,1024000,41984000,13191
19,0.3,1,1040,24,25,0.0079243,0.0903351,26,16,0,1.5185961e-7,1.047203390326672e-1,1064960,43663360,14151
19,0.3,1,1080,25,25,0.0077519,0.0890453,-1,17,1,2.5868808e-8,1.0247228843287814e-1,1105920,45342720,15151
19,0.3,1,1120,25,25,0.0077020,0.0879244,-1,18,2,1.8217523e-8,5.4459809630913014e-2,1146880,47022080,16151
19,0.3,1,1160,25,25,0.0076759,0.0870896,-1,19,3,1.4872794e-8,3.8497819429040625e-2,1187840,48701440,17151
19,0.3,1,1200,25,25,0.0076603,0.0865510,-1,20,4,1.600182e-8,3.0183527977072355e-2,1228800,50380800,18151
41,0.0,0,40,9,9,0.0049322,0.0141737,-1,0,0,3.4846053e-6,2.8341951791571773e-1,40960,1679360,351
41,0.0,0,80,9,9,0.0026805,0.0069069,-1,0,0,8.823268e-7,8.55483676472204e-2,81920,3358720,711
41,0.0,0,120,9,9,0.0012790,0.0033250,-1,0,0,2.0239663e-7,5.713669991018833e-2,122880,5038080,1071
41,0.0,0,160,9,9,0.0005124,0.0013477,-1,0,0,3.144706e-8,3.1795273809620994e-2,163840,6717440,1431
41,0.0,0,200,9,9,0.0001708,0.0004496,-1,0,0,3.4687375e-9,1.4247486843487422e-2,204800,8396800,1791
41,0.0,0,240,9,9,0.0000464,0.0001221,-1,0,0,2.565401e-10,5.196890518845976e-3,245760,10076160,2151
41,0.0,0,280,9,9,0.0000099,0.0000260,-1,0,0,1.1635533e-11,1.5267251100112844e-3,286720,11755520,2511
41,0.0,0,320,9,9,0.0000015,0.0000039,-1,0,0,2.547383e-13,3.4982506100789124e-4,327680,13434880,2871
41,0.0,0,360,9,9,0.0000002,0.0000004,-1,0,0,2.2077287e-15,5.834417164862771e-5,368640,15114240,3231
41,0.0,0,400,9,9,0.0000002,0.0000004,-1,0,0,1.8031697e-15,5.786482931681436e-6,409600,16793600,3591
41,0.0,0,440,9,9,0.0000002,0.0000004,-1,0,0,2.2720386e-15,7.977589360783424e-7,450560,18472960,3951
41,0.0,0,480,9,9,0.0000002,0.0000004,-1,0,0,1.7544158e-15,1.0561205745608995e-6,491520,20152320,4311
41,0.0,0,520,9,9,0.0000002,0.0000004,-1,0,0,2.3307103e-15,1.007048843882849e-6,532480,21831680,4671
41,0.0,0,560,9,9,0.0000002,0.0000004,-1,0,0,2.2048331e-15,1.4918518273683568e-6,573440,23511040,5031
41,0.0,0,600,9,9,0.0000002,0.0000004,-1,0,0,2.2047425e-15,1.3299856309809122e-6,614400,25190400,5391
41,0.0,0,640,9,9,0.0000002,0.0000004,-1,0,0,1.7953147e-15,1.4074609700456993e-6,655360,26869760,5751
41,0.0,0,680,9,9,0.0000002,0.0000004,-1,0,0,2.1029567e-15,1.1270509742743531e-6,696320,28549120,6111
41,0.0,0,720,9,9,0.0000002,0.0000004,-1,0,0,1.6928371e-15,1.418672151416115e-6,737280,30228480,6471
41,0.0,0,760,9,9,0.0000002,0.0000004,-1,0,0,2.217576e-15,1.3707283366640871e-6,778240,31907840,6831
41,0.0,0,800,9,9,0.0000002,0.0000004,-1,0,0,1.8124726e-15,1.4396743567065412e-6,819200,33587200,7191
41,0.0,0,840,9,9,0.0000002,0.0000004,-1,0,0,1.8177986e-15,1.590281161277518e-6,860160,35266560,7551
41,0.0,0,880,9,9,0.0000002,0.0000004,-1,0,0,1.6537766e-15,1.8532517904179535e-6,901120,36945920,7911
41,0.0,0,920,9,9,0.0000002,0.0000004,-1,0,0,2.8644928e-15,1.9649812629390917e-6,942080,38625280,8271
41,0.0,0,960,9,9,0.0000002,0.0000004,-1,0,0,1.5821411e-15,2.914585897399735e-6,983040,40304640,8631
41,0.0,0,1000,9,9,0.0000002,0.0000004,-1,0,0,2.285627e-15,2.9628466164319245e-6,1024000,41984000,8991
41,0.0,0,1040,9,9,0.0000002,0.0000004,-1,0,0,2.2425703e-15,2.234066722926059e-6,1064960,43663360,9351
41,0.0,0,1080,9,9,0.0000002,0.0000004,-1,0,0,2.5850512e-15,2.676740393310964e-6,1105920,45342720,9711
41,0.0,0,1120,9,9,0.0000002,0.0000004,-1,0,0,2.7290305e-15,2.8371550673672585e-6,1146880,47022080,10071
41,0.0,0,1160,9,9,0.0000002,0.0000004,-1,0,0,1.374284e-15,3.6845422797596172e-6,1187840,48701440,10431
41,0.0,0,1200,9,9,0.0000002,0.0000004,-1,0,0,1.5369527e-15,2.522019472702558e-6,1228800,50380800,10791
41,0.0,1,40,9,9,0.0049322,0.0141737,-1,0,0,3.4846053e-6,2.8341951791571773e-1,40960,1679360,351
41,0.0,1,80,9,9,0.0026805,0.0069069,-1,0,0,8.823268e-7,8.55483676472204e-2,81920,3358720,711
41,0.0,1,120,9,9,0.0012790,0.0033250,-1,0,0,2.0239663e-7,5.713669991018833e-2,122880,5038080,1071
41,0.0,1,160,9,9,0.0005124,0.0013477,-1,0,0,3.144706e-8,3.1795273809620994e-2,163840,6717440,1431
41,0.0,1,200,9,9,0.0001708,0.0004496,-1,0,0,3.4687375e-9,1.4247486843487422e-2,204800,8396800,1791
41,0.0,1,240,9,9,0.0000464,0.0001221,-1,0,0,2.565401e-10,5.196890518845976e-3,245760,10076160,2151
41,0.0,1,280,9,9,0.0000099,0.0000260,-1,0,0,1.1635533e-11,1.5267251100112844e-3,286720,11755520,2511
41,0.0,1,320,9,9,0.0000015,0.0000039,-1,0,0,2.547383e-13,3.4982506100789124e-4,327680,13434880,2871
41,0.0,1,360,9,9,0.0000002,0.0000004,-1,0,0,2.2077287e-15,5.834417164862771e-5,368640,15114240,3231
41,0.0,1,400,9,9,0.0000002,0.0000004,-1,0,0,1.8031697e-15,5.786482931681436e-6,409600,16793600,3591
41,0.0,1,440,9,9,0.0000002,0.0000004,-1,0,0,2.2720386e-15,7.977589360783424e-7,450560,18472960,3951
41,0.0,1,480,9,9,0.0000002,0.0000004,-1,0,0,1.7544158e-15,1.0561205745608995e-6,491520,20152320,4311
41,0.0,1,520,9,9,0.0000002,0.0000004,-1,0,0,2.3307103e-15,1.007048843882849e-6,532480,21831680,4671
41,0.0,1,560,9,9,0.0000002,0.0000004,-1,0,0,2.2048331e-15,1.4918518273683568e-6,573440,23511040,5031
41,0.0,1,600,9,9,0.0000002,0.0000004,-1,0,0,2.2047425e-15,1.3299856309809122e-6,614400,25190400,5391
41,0.0,1,640,9,9,0.0000002,0.0000004,-1,0,0,1.7953147e-15,1.4074609700456993e-6,655360,26869760,5751
41,0.0,1,680,9,9,0.0000002,0.0000004,-1,0,0,2.1029567e-15,1.1270509742743531e-6,696320,28549120,6111
41,0.0,1,720,9,9,0.0000002,0.0000004,-1,0,0,1.6928371e-15,1.418672151416115e-6,737280,30228480,6471
41,0.0,1,760,9,9,0.0000002,0.0000004,-1,0,0,2.217576e-15,1.3707283366640871e-6,778240,31907840,6831
41,0.0,1,800,9,9,0.0000002,0.0000004,-1,0,0,1.8124726e-15,1.4396743567065412e-6,819200,33587200,7191
41,0.0,1,840,9,9,0.0000002,0.0000004,-1,0,0,1.8177986e-15,1.590281161277518e-6,860160,35266560,7551
41,0.0,1,880,9,9,0.0000002,0.0000004,-1,0,0,1.6537766e-15,1.8532517904179535e-6,901120,36945920,7911
41,0.0,1,920,9,9,0.0000002,0.0000004,-1,0,0,2.8644928e-15,1.9649812629390917e-6,942080,38625280,8271
41,0.0,1,960,9,9,0.0000002,0.0000004,-1,0,0,1.5821411e-15,2.914585897399735e-6,983040,40304640,8631
41,0.0,1,1000,9,9,0.0000002,0.0000004,-1,0,0,2.285627e-15,2.9628466164319245e-6,1024000,41984000,8991
41,0.0,1,1040,9,9,0.0000002,0.0000004,-1,0,0,2.2425703e-15,2.234066722926059e-6,1064960,43663360,9351
41,0.0,1,1080,9,9,0.0000002,0.0000004,-1,0,0,2.5850512e-15,2.676740393310964e-6,1105920,45342720,9711
41,0.0,1,1120,9,9,0.0000002,0.0000004,-1,0,0,2.7290305e-15,2.8371550673672585e-6,1146880,47022080,10071
41,0.0,1,1160,9,9,0.0000002,0.0000004,-1,0,0,1.374284e-15,3.6845422797596172e-6,1187840,48701440,10431
41,0.0,1,1200,9,9,0.0000002,0.0000004,-1,0,0,1.5369527e-15,2.522019472702558e-6,1228800,50380800,10791
41,0.3,0,40,9,9,0.0276047,0.0392889,-1,0,0,3.7006528e-5,3.0522824866432074e-1,40960,1679360,351
41,0.3,0,80,9,9,0.0269292,0.0405323,-1,0,0,3.4026503e-5,1.3478015549117117e-1,81920,3358720,711
41,0.3,0,120,9,9,0.0267267,0.0417495,-1,0,0,3.6915884e-5,8.690602921706159e-2,122880,5038080,1071
41,0.3,0,160,9,9,0.0266921,0.0424093,-1,0,0,3.8003727e-5,4.029517336311983e-2,163840,6717440,1431
41,0.3,0,200,9,9,0.0266887,0.0426506,-1,0,0,3.837942e-5,1.3720441135774308e-2,204800,8396800,1791
41,0.3,0,240,9,9,0.0266885,0.0427106,-1,0,0,3.846808e-5,3.3739111900104035e-3,245760,10076160,2151
41,0.3,0,280,9,9,0.0266885,0.0427203,-1,0,0,3.8482136e-5,5.465353616784796e-4,286720,11755520,2511
41,0.3,0,320,9,9,0.0266885,0.0427210,-1,0,0,3.848346e-5,4.069848334411347e-5,327680,13434880,2871
41,0.3,0,360,9,9,0.0266885,0.0427210,-1,0,0,3.848347e-5,3.943580986959239e-6,368640,15114240,3231
41,0.3,0,400,9,9,0.0266885,0.0427210,-1,0,0,3.8483533e-5,1.3074895039836588e-6,409600,16793600,3591
41,0.3,0,440,9,9,0.0266885,0.0427210,-1,0,0,3.848356e-5,1.9265208943700313e-6,450560,18472960,3951
41,0.3,0,480,9,9,0.0266885,0.0427210,-1,0,0,3.848353e-5,1.5992091332139163e-6,491520,20152320,4311
41,0.3,0,520,9,9,0.0266885,0.0427210,-1,0,0,3.8483555e-5,1.8091024522378513e-6,532480,21831680,4671
41,0.3,0,560,9,9,0.0266885,0.0427210,-1,0,0,3.8483486e-5,1.9045553144810858e-6,573440,23511040,5031
41,0.3,0,600,9,9,0.0266885,0.0427210,-1,0,0,3.8483486e-5,1.9325272669320007e-6,614400,25190400,5391
41,0.3,0,640,9,9,0.0266885,0.0427210,-1,0,0,3.8483555e-5,2.727863874733144e-6,655360,26869760,5751
41,0.3,0,680,9,9,0.0266885,0.0427210,-1,0,0,3.8483548e-5,1.5885470632955555e-6,696320,28549120,6111
41,0.3,0,720,9,9,0.0266885,0.0427210,-1,0,0,3.848355e-5,3.6566306946617458e-6,737280,30228480,6471
41,0.3,0,760,9,9,0.0266885,0.0427210,-1,0,0,3.8483595e-5,3.694945585304768e-6,778240,31907840,6831
41,0.3,0,800,9,9,0.0266885,0.0427210,-1,0,0,3.8483253e-5,4.629830695745615e-6,819200,33587200,7191
41,0.3,0,840,9,9,0.0266885,0.0427210,-1,0,0,3.8483566e-5,5.4562186165823395e-6,860160,35266560,7551
41,0.3,0,880,9,9,0.0266885,0.0427210,-1,0,0,3.848348e-5,3.7751463301551567e-6,901120,36945920,7911
41,0.3,0,920,9,9,0.0266885,0.0427210,-1,0,0,3.8483242e-5,3.300215408411078e-6,942080,38625280,8271
41,0.3,0,960,9,9,0.0266885,0.0427210,-1,0,0,3.848367e-5,8.833250490796266e-6,983040,40304640,8631
41,0.3,0,1000,9,9,0.0266885,0.0427210,-1,0,0,3.8483555e-5,1.044987981866155e-5,1024000,41984000,8991
41,0.3,0,1040,9,9,0.0266885,0.0427210,-1,0,0,3.848315e-5,1.3439070550930188e-5,1064960,43663360,9351
41,0.3,0,1080,9,9,0.0266885,0.0427210,-1,0,0,3.848372e-5,1.499726671752577e-5,1105920,45342720,9711
41,0.3,0,1120,9,9,0.0266885,0.0427210,-1,0,0,3.84836e-5,1.4082182220240963e-5,1146880,47022080,10071
41,0.3,0,1160,9,9,0.0266885,0.0427210,-1,0,0,3.848317e-5,6.175530811193368e-6,1187840,48701440,10431
41,0.3,0,1200,9,9,0.0266885,0.0427210,-1,0,0,3.8483675e-5,6.117698512060621e-6,1228800,50380800,10791
41,0.3,1,40,9,9,0.0276047,0.0392889,-1,0,0,3.7006528e-5,3.0522824866432074e-1,40960,1679360,351
41,0.3,1,80,9,9,0.0269292,0.0405323,-1,0,0,3.4026503e-5,1.3478015549117117e-1,81920,3358720,711
41,0.3,1,120,9,9,0.0267267,0.0417495,-1,0,0,3.6915884e-5,8.690602921706159e-2,122880,5038080,1071
41,0.3,1,160,9,9,0.0266921,0.0424093,-1,0,0,3.8003727e-5,4.029517336311983e-2,163840,6717440,1431
41,0.3,1,200,9,9,0.0266887,0.0426506,-1,0,0,3.837942e-5,1.3720441135774308e-2,204800,8396800,1791
41,0.3,1,240,9,9,0.0266885,0.0427106,-1,0,0,3.846808e-5,3.3739111900104035e-3,245760,10076160,2151
41,0.3,1,280,9,9,0.0266885,0.0427203,-1,0,0,3.8482136e-5,5.465353616784796e-4,286720,11755520,2511
41,0.3,1,320,9,9,0.0266885,0.0427210,-1,0,0,3.848346e-5,4.069848334411347e-5,327680,13434880,2871
41,0.3,1,360,9,9,0.0266885,0.0427210,-1,0,0,3.848347e-5,3.943580986959239e-6,368640,15114240,3231
41,0.3,1,400,9,9,0.0266885,0.0427210,-1,0,0,3.8483533e-5,1.3074895039836588e-6,409600,16793600,3591
41,0.3,1,440,9,10,0.0266885,0.0427210,30,1,0,3.848356e-5,1.9265208943700313e-6,450560,18472960,3951
41,0.3,1,480,10,11,0.0232791,0.0510554,36,2,0,2.201675e-5,2.4193216967095432e-1,491520,20152320,4351
41,0.3,1,520,11,12,0.0205301,0.0534411,38,3,0,7.86077e-6,2.598104582122289e-1,532480,21831680,4791
41,0.3,1,560,12,13,0.0196226,0.0607419,32,4,0,8.909651e-6,1.7309469947149125e-1,573440,23511040,5271
41,0.3,1,600,13,14,0.0182311,0.0654330,31,5,0,5.164151e-6,2.1392584139562132e-1,614400,25190400,5791
41,0.3,1,640,14,15,0.0171519,0.0671636,25,6,0,6.5622153e-6,1.8562012105164172e-1,655360,26869760,6351
41,0.3,1,680,15,16,0.0157401,0.0671202,28,7,0,4.298175e-6,2.415872264971881e-1,696320,28549120,6951
41,0.3,1,720,16,17,0.0150054,0.0681626,37,8,0,4.8226125e-6,1.814305618986083e-1,737280,30228480,7591
41,0.3,1,760,17,18,0.0147545,0.0754481,27,9,0,2.3115447e-6,1.4998540657151693e-1,778240,31907840,8271
41,0.3,1,800,18,19,0.0133493,0.0774198,29,10,0,1.1377168e-6,3.4546029124635425e-1,819200,33587200,8991
41,0.3,1,840,19,20,0.0124830,0.0787302,40,11,0,5.714269e-7,3.233770981981934e-1,860160,35266560,9751
41,0.3,1,880,20,21,0.0116212,0.0821494,21,12,0,8.735093e-7,3.0093891665859474e-1,901120,36945920,10551
41,0.3,1,920,21,22,0.0107197,0.0872646,20,13,0,4.93511e-7,4.1806293248640714e-1,942080,38625280,11391
41,0.3,1,960,22,23,0.0104612,0.0878941,14,14,0,3.3144516e-7,4.2559530294433756e-1,983040,40304640,12271
41,0.3,1,1000,23,24,0.0100654,0.0881220,26,15,0,5.032859e-7,2.0035563564028502e-1,1024000,41984000,13191
41,0.3,1,1040,24,25,0.0096447,0.0880085,33,16,0,2.925461e-7,1.7367490309653988e-1,1064960,43663360,14151
41,0.3,1,1080,25,25,0.0086251,0.0834264,-1,17,1,9.856548e-8,2.5784791563023646e-1,1105920,45342720,15151
41,0.3,1,1120,25,25,0.0083376,0.0886057,-1,18,2,1.042752e-7,1.5497869241626816e-1,1146880,47022080,16151
41,0.3,1,1160,25,25,0.0082811,0.0889552,-1,19,3,4.8865866e-7,1.0452770732850425e-1,1187840,48701440,17151
41,0.3,1,1200,25,25,0.0081434,0.0890237,-1,20,4,8.634613e-8,8.542425566556844e-2,1228800,50380800,18151
